Nom;Exclusion
3F RESIDENCES;
A D E R L Y;
A L T M (AGENCE LYON TRANQUILITE MEDIATION);
A L'ASCENSEUR;
A LA CROISEE DES CHEMINS EPI C BON;
ABC HLM DU RHONE;x
ACADEMIE LYONNAISE DE BOXE;
ACADEMIE SCIENCES BELLES LETTRES ARTS;
ACADEMIE TIAN LONG;
ACCESAME;
ACCOMPAGNER;
ACEPP RHONE;
ACLYR ASSOCIATION CHINOIS DE LYON;
ACOLEA;
ACOLEA CHOCOLATINE;
ACOLEA L'OCEANE;
ACOLEA LES CANAILLOUS;
ACOLEA LES CARPILLONS;
ACOLEA LES LUCIOLES;
ACOLEA POM CANNELLE;
ACOUCITE;
ACS MAYOTTE;
ACTFORREF ACTION INTERNATIONALE D AIDE AUX REFUGIE;
ACTION SPORT EDUCATION;
ADAMOV;
ADAPEI 69;
ADB ACADEMIE GRAND LYON;
ADELE;
ADFI DEFENSE FAMILLE ET INDIVIDU;
ADHEC;
ADIE;
ADIPAC;
ADME OBSTINATO;
ADOMA;
ADOPTE UNE ASSO;
ADPM M TOM MARCHE;
ADR CATM;
ADRIEN M CLAIRE B;
AFEV;
AFMD;
AFPIA SUD EST;
AFRICA 50;
AFX;
AGDS ALLIX CC;
AGDS BARBUSSE;
AGDS BERTHELOT EPARGNE;
AGDS BLANDAN;
AGDS JARDIN D ENFANTS DU 5EME;
AGDS LUMIERE;
AGDS RAM BABY 9;
AGDS RAM BABY DUCH;
AGDS RAM BABY LOUP;
AGENCE D URBANISME DE L AIRE METROPOLITAINE LYONNAISE;x
AGENCE LOCALE DE L ENERGIE ET DU CLIMAT;x
AGENCE LOCALE DE L ENERGIE ET DU CLIMAT GRAND LYON;x
AGENCE URBANISME AIRE METROP. LYONNAISE;x
AGEND ARTS;
AGIR ENSEMBLE DROITS DE L HOMME;
AGIR POUR L EGALITE;
AGRIBIO RHONE & LOIRE;
AGRIBIO RHONE ET LOIRE;
AGRONOMES ET VETERINAIRES SANS FRONTIERES;
AIDEN CHANTIERS;
AIDER A APPRENDRE;
AIDES;
AIKIDO DU RHONE;
AJ2 PERMANENCE EMPLOI;
AJD MAURICE GOUNON;
AJD MIRLY;
AKKA STUDIO;
ALCOOL ASSISTANCE RHONE;
ALERTE;
ALFA 3A  L ESCALE DE NELLY;
ALFA 3A LE CHANTOISEAU;
ALFA 3A LE NID D ANGES;
ALFA 3A LES COPAINS D ABORD EM;
ALFA3A LES MOUSSAILLONS DES DOCKS;
ALGODYSTROPHIE FRANCE;
ALIS;
ALIZES FORMATION;
ALLEGRETTO;
ALLIADE HABITAT;x
ALLIADE HABITAT- SIEGE;x
ALLIANCE ACTIONS AFRIQUE;
ALLIANCE JIUJITSU LYON 69;
ALLIES;
ALPIL;
ALPIL AC LYON INS SOC LOGEMENT;
ALS ASSOC LUTTE CONTRE LE SIDA;
ALTEA;
ALTERNATIBA RHONE;
ALTM;
ALYNEA;
ALYT SOLIDARITE FORMATION SANTE;
AMAHC;
AMICALE ANCIENS ELEVES DU 6EME;
AMICALE BOULE CHAMPVERT;
AMICALE BOULE DES CARRIERS;
AMICALE BOULE PARC TETE D OR;
AMICALE CYCLISTE LYON VAISE;
AMICALE D AUSCHWITZ BIRKENAU;
AMICALE DE LA RESIDENCE HENON CANUTS;
AMICALE DU NID;
AMICALE LAIQUE ALAIN FOURNIER;
AMICALE LAIQUE MIXTE RAMBERTOISE;
AMICALE LAIQUE VAISE SERIN;
AMICALE LAIQUE VOLTAIRE;
AMICALE RENOUVEAU PRESSENSE;
AMICALE SCOLAIRE LAIQUE GRATTE CIEL;
AMICALE SPORTIVE LYONNAISE DE BANQUE;
AMIS DES MALADES;
AMITIE DES PERSONNELS METROPOLITAINS ET MUNICIPAUX;
ANCIELA;
ANIKI VOVO;
ANIMAFAC;
ANOU SKAN;
ANTS;
AOA PROD;
APELIPA  LE JARDIN COUVERT;
APF FRANCE HANDICAP;
APIDH;
APMMGLL;
APPUI GESTION FORMATION SCOP;
APPUI GESTION FORMATION SCOP ENTREPRISES;
AQUA SYNCHRO LYON;
AQUARIUM CINE CAFE;
ARAIGNEE BLEU CIEL;
ARC EN CIEL FRANCE;
ARCHEO MUR;
ARCOSM;
ARHM;
ARHM PETITE UNITE DE VIE HABITAT PLUS;
ARLYMET;
ARRANGEMENT PROVISOIRE;
ART CONTEMPORAIN EN AUVERGNE RHONE ALPES;
ART CONTEMPORAIN EN RHONE ALPES;
ART DU DEPLACEMENT ACADEMY LYON;
ARTHROPOLOGIA;
ARTIS MBC;
ARTS ET DEVELOPPEMENT RHONE ALPES;
ARTS MARTIAUX DES CANUTS;
ARTS MARTIAUX DU 4;
ARTS PENTES;
ARTY FARTY;
AS ASSIST MATER PARENTS CX ROUSSE;
AS DVLPT ROLLER SKATE BMX SKATEPARK;
AS NAT ANC COMBAT VICTIM GUERRE EQUIPEMENT;
ASC DU GROUPEMENT HOSPITALIER EST;
ASCAL;
ASL LOTISSEMENT DUCHAMP;
ASL PRIDY;
ASPERLY;
ASS ALAFIA WE;
ASS AMICALE AGENCE EAU RHONE MEDIT CORSE;
ASS ARTISTIQUE DIVERSITES NUMERIQUES;
ASS BERTHELOT MERMOZ NOUVEAU MONDE;
ASS CENTRE SOCIAL GRIGNY;
ASS CHARLES PEGUY LYON 8;
ASS COMMERCANTS ET ARTISANS VILLETTE PAUL BERT;
ASS COMPAGNIE DU BONHOMME;
ASS D AIDE AU LOGEMENT DES JEUNES;
ASS DE GESTION DE LA VILLA GILLET;
ASS DES CENTRES  SOCIAUX ET CULTURELS DE CALUIRE ET CUIRE;
ASS DES CENTRES SOCIAUX OULLINS;
ASS DES PORTE DRAPEAUX DU LYONNAIS;
ASS ECOLE DE MUSIQUE DE CALUIRE ET CUIRE;
ASS ECOLE MATERNELLE JEAN MACE;
ASS ECULLOISE MUSIQUE;
ASS EDUC SCOLAIRE FENELON LA TRINITE;
ASS FAISE CENTRES CONSULT CONJUGALE;
ASS FAMILLE QUARTIER ST VINCENT LA FARANDOLE CC;
ASS FAMILLE QUARTIER ST VINCENT LES AUGUSTINS CC;
ASS FEDERATION NAT  RAPATRIES;
ASS FONDATION RENAUD;
ASS GEST CTRE SOCIAUX SANTY-MERMOZ;
ASS GESTION ANIMATION CENTRE SOCIAL;
ASS GESTION CENT SOCIAL VAISE;
ASS GESTION CENTRE SOCIAL DE MOULIN A VENT;
ASS GESTION SOCIAL ETATS UNIS;
ASS HABITAT HUMANISME RHONE;
ASS HARMONIE DE NEUVILLE;
ASS LA PASSERELLE D EAU DE ROBEC;
ASS LE PASSE JARDINS;
ASS LYON DEVENUS SOURDS ET MALENTENDANTS;
ASS LYONNAISE D INGENIERIE SOCIAL;
ASS MULTI SERVICES DEVELOPPEMENT;
ASS NATIONAL EDUCATION PERMANENTE ADULTE;
ASS OFFICIERS RESERVE DE LYON;
ASS PATRIMOINE MILITAIRE DE LYON ET SA REGION;
ASS PATRONAGE INSTITUT REGTIONAL SOURS AVEUGLES DE MARSEILLE;
ASS PATRONAGE LAIQUE HERRIOT MERMOZ;
ASS POUR GESTION CENTRE SOCIAL GERLAND;
ASS POUR LA DIFFUSION SCIENTIFIQUE ET L'AIDE ASSOC;
ASS POUR LE DEVELOPPEMENT LOCAL;
ASS POUR PROMOTION DU CERTA;
ASS REGIONALE DES TSIGANES ET DE LEUR AMIS GADJE;
ASS RHONE ALPES FAMILIAUX REF;
ASS SCOLAIRE NOTRE DAME BON CONSEIL;
ASS SCOP ENTREP UNION REG RHONE ALPES;
ASS SPORT DANS LA VILLE;
ASS SPORTIVE CHAVANT FAURE;
ASS SPORTIVE DES CHINOIS D'OUTRE-MER A LYON;
ASS SPORTIVE ET CULTURELLE FRANCOISE HERITIER;
ASS SPORTIVE SCOLAIRE ALIX;
ASS SPORTIVE SCOLAIRE JULES VERNE;
ASS SPORTIVE SCOLAIRE TISSOT;
ASS SPORTIVE UNIV LYON VAUX EN VELIN;
ASS TAEKWONDO CLUB DU PARC;
ASS TANDEM CLUB RHODANIEN;
ASS VILLEURBANNAISE DROIT AU LOGEMENT;
ASS.NAT.COMMUNES POUR MAITRISE DES RISQUES TECHNOLOG.MAJEURS;
ASSEMBLEE ARTISTIQUE DES DIVERSITES NUMERIQUES;
ASSISESPORTIVE;
ASSO CENTRE SOCIAL SAUVEGARDE;
ASSO DE PROMOTION D'UNE FABRIQUE DES TRANSITIONS;
ASSO DEPARTEMENTALE INFORMATION LOGEMENT;
ASSO DU SERVICE RÉGIONAL DE POLICE JUDICIAIRE LYON;
ASSO LE CHAINON MANQUANT;
ASSO LYONNAISE DE FOOTBALL AUSTRALIEN LIONS;
ASSO SPORTIVE FOYERS DES SOURDS DE LYON;
ASSO SPORTIVE SCOLAIRE J MERMOZ;
ASSO. SOUTIEN FONDATION DES FEMMES;
ASSOC ASTREE;
ASSOC BOULISTE CENTRE DUCHERE;
ASSOC DEP DEVELOPP EMPLOI AGRICOLE RURAL;
ASSOC LYON BIOPOLE;
ASSOC PERSONNES EN SITUATION DE HANDICAP NEUROMOTEUR ET LEUR FAMILLE;
ASSOCIATION  BIBLIOTHEQUES D HOPITAUX LYON REGION;
ASSOCIATION A LA RECHERCHE FOLKLORE IMAGINAIRE;
ASSOCIATION AAA DU LYONNAIS - MR JULIEN VINAY;
ASSOCIATION ACTE;
ASSOCIATION ALBERT LAURENT;
ASSOCIATION ALWANE;
ASSOCIATION BARABAN TAEKWONDO;
ASSOCIATION BIBLIOTAKEAIR;
ASSOCIATION CARRE 6 BROTTEAUX;
ASSOCIATION CELESTINE;
ASSOCIATION CHEF MENTEUR;
ASSOCIATION CHEVREUL & CO;
ASSOCIATION CSF SECTION CHAMPVERT;
ASSOCIATION DE L HOTEL SOCIAL;
ASSOCIATION DE L HOTEL SOCIAL - SIEGE;
ASSOCIATION DE L INSTITUTION ST JOSEPH;
ASSOCIATION DE LA RESIDENCE RINCK;
ASSOCIATION DE PREFIGURATION DE LA CITE INTERNATIONALE;
ASSOCIATION DES  JARDINS OUVRIERS COMMUNAUX LYON;
ASSOCIATION DES BURKINABES DE LYON;
ASSOCIATION DES CADETS DE LA GENDARMERIE NATIONALE;
ASSOCIATION DES CENTRES SOCIAUX ET CULTURELS DE MEYZIEU;
ASSOCIATION DES COMMERCANTS SAXE SAINT POTHIN;
ASSOCIATION DES ESPECES PARMI LYON;
ASSOCIATION DES PENTES SPORTIVES ET CULTURELLES;
ASSOCIATION DES RESCAPES DE MONTLUC;
ASSOCIATION DIALOGUE ORIENTATION SCOLAIRE;
ASSOCIATION ENVIE RHONE ALPES;
ASSOCIATION FAMILIALE SAINTE-MARIE LYON;
ASSOCIATION FAMILIALE ST THOMAS D'AQUIN;
ASSOCIATION FONDATION ETUDIANTE POUR LA VILLE (AFEV);
ASSOCIATION FORMATION ET INGENIERIE;
ASSOCIATION GESTION CENTRE SOCIAL BONNEFOI;
ASSOCIATION GESTION VILLA GILLET;
ASSOCIATION HELIX;
ASSOCIATION HF;
ASSOCIATION INSERTION  DEV EMPLOIS NOUVEAUX;
ASSOCIATION INSERTION DÉVELOPT EMPLOIS NOUVEAUX;
ASSOCIATION INSERTION EMPLOI SERVICES;
ASSOCIATION INTERMEDIAIRE ICARE;
ASSOCIATION JEUNES AMBASSADEURS;
ASSOCIATION JEUNES ETUDIANTS GUINEENS DU RHONE;
ASSOCIATION LA MAISON;
ASSOCIATION LAIQUE GERLAND LA MOUCHE ALGM;
ASSOCIATION LALYRE;
ASSOCIATION LAMARTINE;
ASSOCIATION LE MAS;
ASSOCIATION LES ENFANTS DU TARMAC;
ASSOCIATION LIEUX NUMERIQUES;
ASSOCIATION LIRE A BRON;
ASSOCIATION LYF;
ASSOCIATION LYON 7 RIVE GAUCHE;
ASSOCIATION LYON LA DUCHERE;
ASSOCIATION LYON SANTE EDUCATION ALYSE CC;
ASSOCIATION LYON SANTE EDUCATION CHARDONNET CC;
ASSOCIATION LYONNAISE DE GESTION D ETABLISSEMENTS POUR PERSONNES;
ASSOCIATION LYONNAISE DE SANTE MENTALE;
ASSOCIATION LYONNAISE NOUVELLE D ECOUTE ET D ACCOMPAGNEMENT;
ASSOCIATION MA;
ASSOCIATION MAISON DE LORETTE;
ASSOCIATION MEDIATION LYON (AMELY);
ASSOCIATION MILLE FEUILLES;
ASSOCIATION MUSIC'LY;
ASSOCIATION MUSICALE D'IRIGNY;
ASSOCIATION PEPINIERE CAP NORD;
ASSOCIATION POLE EN SCENES;
ASSOCIATION POLE PIXEL;
ASSOCIATION POLYDOM AIDE;
ASSOCIATION POUR LA GESTION ET L ANIMATION DU CENTRE SOCIO CULTUREL;
ASSOCIATION PRATIQUE;
ASSOCIATION QUARTIER AUGUSTE COMTE;
ASSOCIATION REGIONALE DES TSIGANES ET DE LEURS AMIS GADJE;
ASSOCIATION REUSSIR L INSERTION A BRON;
ASSOCIATION SAINT IRENEE DES CHARTREUX;
ASSOCIATION SAINT MARC D EDUCATION CHRETIENNE;
ASSOCIATION SAN PRIOTE POUR L INSERTION PAR L EMPLOI;
ASSOCIATION SCICABULLE;
ASSOCIATION SCOLAIRE CAVENNE;
ASSOCIATION SCOLAIRE MATERNELLE CAVENNE;
ASSOCIATION SOLIDARITE AFRIQUE;
ASSOCIATION SPORTIVE ANATOLE FRANCE;
ASSOCIATION SPORTIVE ANTOINE CHARIAL;
ASSOCIATION SPORTIVE BELLECOUR PERRACHE;
ASSOCIATION SPORTIVE CONFLUENCE;
ASSOCIATION SPORTIVE D'AVENIR;
ASSOCIATION SPORTIVE DE LA POLICE LYONNAISE;
ASSOCIATION SPORTIVE DE MONCHAT;
ASSOCIATION SPORTIVE DE TENNIS DE TABLE LYON 6EME;
ASSOCIATION SPORTIVE DUCHERE BASKET;
ASSOCIATION SPORTIVE ET CULTURELLE DE L'ISARA-LYON;
ASSOCIATION SPORTIVE MONCEY GARIBALDI;
ASSOCIATION SPORTIVE SCOLAIRE JEAN MERMOZ;
ASSOCIATION SPORTIVE SCOLAIRE LES FOUGERES;
ASSOCIATION SPORTIVE UNIVERSITAIRE LYONNAISE;
ASSOCIATION SPORTIVE VILLEURBANNE EST LYON BASKET;
ASSOCIATION TAKA MOUV;
ASSOCIATION TECHTERA;
ASSOCIATION TREMPLIN;
ASSOCIATION VEIL FRATERNITE;
ASUL KARATE;
ASUL LYON 3 BASKET;
ASUL LYON 8;
ASUL LYON VOLLEY BALL;
ASUL ULTIMATE;
ATD QUART MONDE LYON;
ATELIER EMMAUS;
ATMO AUVERGNE RHONE ALPES;x
AU JARDIN DE SOI;
AU PLAISIR DE TOUS;
AU TAMBOUR;
AU46;
AUTISME REPIT EMPLOI VACANCES AIDES LOGEMENT;
AUTRE CERCLE RHONE ALPES;
AVEC;
AVENIR SANTE FRANCE;
AVF LYON RHONE;
AVIAM RHONE ALPES;
AVIRON CLUB LYON CALUIRE;
AVIRON UNION NAUTIQUE DE LYON;
AWAL GRAND LYON;
AXELERA;
AXENTIA;
BABY NURSERY;
BADMINTON CLUB DE LYON;
BAGAGE'RUE;
BAILA CONMIGO;
BALISES;
BALLET COSMIQUE;
BAMBOU BALANCE HARMONIE ET MOUVEMENT;
BANQUE ALIMENTAIRE DU RHONE;
BASILIADE;
BASKET BALL DU 5EME BB5;
BASKET CRO LYON;
BASKET LOISIR DES BATTIERES;
BASTON;
BATIGERE RHONE ALPES;x
BATIGERE RHONE ALPES SOCIETE ANONYME D HABITATIONS A LOYER MO;x
BDE TOUT'IAE;
BEAUMARCHAIS BASKET LYON METROPOLE;
BECOMTECH;
BELLEBOUFFE;
BERRETIN-TANGO&MUSIQUE;
BIDOUILLES ET MAGOUILLES ASSOCIATION;
BIENS FRANCAIS DU PATRIMOINE MONDIAL UNESCO;
BIS ET COMPAGNIE ATTRACTION THEATRE ET CINEMA;
BOCUSE D'OR WINNERS;
BOULE RAVAT CONFLUENCE;
BOURSE DU TRAVAIL;
BOXING LYON UNITED;
BRIGADES NATURE RHONE;
BRINS DE VOIX;
BROCHIER TECHNOLOGIES;
BRON VERTICAL;
BUBBLE ART;
BUREAU DES ARTS ECAM LYON;
BUREAU DES ETUDIANTS ESTRI;
CA PRESSE;
CABESTAN;
CABIRIA;
CADET BRETELLE;
CAISSE D ALLOCATIONS FAMILIALES DU RHONE;x
CANOE KAYAK LYON OULLINS MULATIERE;
CANUTOUCH LYON;
CAP SERVICES;
CAP SUR LE RHONE;
CAPUCINE;
CARA AUVERGNES-RHONE-ALPES;
CARACOL;
CARGO;
CARPA COLLECTIF ASSOC RHONE POUR ACCESSIBILITE;
CARRE ROOSEVELT LYON RIVE GAUCHE;
CART A CHANTER CROIX ROUSSE;
CARTON;
CAUE DU RHONE;
CAVAILLE COLL A SAINT FRANCOIS;
CCI FRANCE ISRAEL RHONE ALPES;x
CDC HABITAT SOCIAL SA H.L.M;x
CDC HABITAT SOCIAL SOCIETE ANONYME D'HABITATIONS A LOYER MODERE;x
CEELSPS;
CENTRE 9 C EST NEUF;
CENTRE CULTUREL OECUMENIQUE JEAN PIERRE LACHAIZE;
CENTRE D ANIMATION SAINT JEAN;
CENTRE D INFORMATION SUR LES DROITS DES FEMMES ET DES FAMILLES RHONE;
CENTRE DE LA VOIX RHONE ALPES LES PASSERELLES;
CENTRE FAMILLE ET MEDIATION;
CENTRE HOSPITALIER DU VINATIER;x
CENTRE LEON BERARD;x
CENTRE LESBIEN GAI BI TRANS ET INTERSEXE LYON;
CENTRE MEDICO SOCIAL LA FERRANDIERE;
CENTRE MUSICAL ET ARTISTIQUE;
CENTRE R C DEP CANCERS R AUV RHONE ALPES;
CENTRE SOCIAL AU GRAND VIRE;
CENTRE SOCIAL CULTUREL ARC EN CIEL;
CENTRE SOCIAL DE CHAMPVERT;
CENTRE SOCIAL DE CUSSET;
CENTRE SOCIAL DE L  OLIVIER;
CENTRE SOCIAL DE LA BERTHAUDIERE;
CENTRE SOCIAL DE PARILLY;
CENTRE SOCIAL DE SAINT JUST;
CENTRE SOCIAL DES ETATS UNIS;
CENTRE SOCIAL DU POINT DU JOUR;
CENTRE SOCIAL DUCHERE PLATEAU RENE MAUGIUS;
CENTRE SOCIAL ET CULTUREL J ET J PEYRI;
CENTRE SOCIAL ET CULTUREL PIERRETTE AUGIER;
CENTRE SOCIAL ET FAMILIAL;
CENTRE SOCIAL ET SOCIOCULTUREL DE GERLAND;
CENTRE SOCIAL ET SOCIOCULTUREL LES TAILLIS;
CENTRE SOCIAL GEORGES LEVY;
CENTRE SOCIAL GERARD PHILIPE;
CENTRE SOCIAL LA SAUVEGARDE;
CENTRE SOCIAL LAENNEC;
CENTRE SOCIAL POINT DU JOUR;
CENTRE SOCIAUX GIVORS;
CENTRES SOCIAUX CULTURELS MULATIERE;
CENTRES SOCIAUX DES MINGUETTES;
CENTRES SOCIAUX SANTY-MERMOZ;
CERCLE BELLECOMBE LYON;
CERCLE BOULISTE DU POINT DU JOUR;
CERCLE DE L AVIRON DE LYON;
CERCLE DE LA VOILE DE LYON;
CERCLE DES CHEFS D ATELIER;
CERCLE LAIQUE A REMOND;
CERCLE LYONNAIS DES SOURDS CLUB SENIORS;
CERCLE UNION DEMOCRATIQUE ET SOCIALE DU 1ER;
CHAMBRE REGIONALE DE L ECONOMIE SOCIALE ET SOLIDAIRE AUVERGNE RHONE;x
CHAMBRE REGIONALE ECONOMIE SOCIALE;x
CHANTE ET TAIS-TOI!;
CHARITE-BELLECOUR;
CHATHA;
CHEVREFEUILLE LOISIRS;
CHOEUR UNIVERSITAIRE MIXTE DE LYON;
CHRYSALIDE;
CHUAN TONG INTERNATIONAL;
CIDFF;
CIE ALBERT CLAQUEMURE;
CIE DE DANSE HALLET EGHAYAN;
CIE FROTTER FRAPPER;
CIE MARINIERE SAUVETAGE LA MOUCHE;
CIE PRUNE & MELCHIOR;
CIMADE;
CINE DUCHERE;
CITE ANTHROPOCENE;
CJNG MAISON MA BILLE;
CLAN SPELEO DU TROGLODYTE;
CLASS FSGT;
CLLAJ COM LOC LOGEM AUTON JEUNES;
CLUB ALPIN FRANCAIS DE LYON VILLEURBANNE;
CLUB AMITIE ET NATURE LYON;
CLUB D'ULTIMATE DES GONES;
CLUB DE PLONGEE AQUARIUS;
CLUB DES SPORTS DE GLACE DE LYON;
CLUB DU 1ER POUR L AMITIE;
CLUB LYON KYOKUSHINKAI;
CLUB OMNISPORT DE LYON;
CLUB OMNISPORTS;
CLUB RHODIA VAISE;
CLUB SPORTIF CHARCOT;
CLUB SPORTIF LYON 8;
CLUSTER LUMIERE;
CO NAISSANCES;
COCON DE L OUEST;
CODEP EPVG RHONE METROPOLE DE LYON;
CODERS 69;
COIN COIN PRODUCTIONS;
COLIN MAILLARD;
COLLECTIF AR;
COLLECTIF DES FLOUS FURIEUX;
COLLECTIF ES;
COLLECTIF ITEM;
COLLECTIF LE BLEU D ARMAND;
COLLECTIF LES INDECIS;
COLLECTIF LIBRATIONS;
COLLECTIF LOGEMENT RHONE;
COLLECTIF ME TOO LYON;
COLLECTIF PINCE OREILLES;
COM DEP LIAISON ASS ANC COMBATTANTS;
COM EXPRESSION;
COMITE BOULISTE DEPARTEMENTAL DU RHONE;
COMITE D ENTRAIDE AUX FRANCAIS RAPATRIES/FRANCE HORIZON;
COMITE DEP LIGUE NAT CONTRE LE CANCER;
COMITE DEPART SPORT ADAPTE RHONE;
COMITE DEPARTEMENTAL DE NATATION DU RHONE METROPOL;
COMITE DEPARTEMENTAL DU RHONE FSCF;
COMITE DEPARTEMENTAL DU SPORT ADAPTE DU RHONE METROPOLE DE LYON;
COMITE DEPARTEMENTAL OLYMPIQUE ET SPORTIF RHONE METROPOLE DE LYON;
COMITE DEPARTEMENTAL RHONE ET METROPOLE DE LYON DE RUGBY A XIII;
COMITE DEPARTEMENTALE COURSE ORIENTATION;
COMITE DEPT ATHLETISME DU RHONE METROPOLE LYON;
COMITE DES COMMERCANTS DU COURS GAMBETTA;
COMITE DES FETES DE MONPLAISIR;
COMITE DES LOISIRS RESIDENCE SARRAZIN;
COMITE FRANCAIS POUR L'UNICEF;
COMITE LOCAL POUR LE LOGEMENT AUTONOME DES JEUNES DE LYON;
COMITE LOUIS BRAILLE;
COMITE OEUVRES SOCIALES LYON;
COMITE PROTESTANT DE LA DUCHERE;
COMITE RHONE HANDISPORT;
COMITE RHONE METROPOLE DE LYON DE TENNIS;
COMITE SOCIAL DU PERSONNEL DE LA METROPOLE LYONNAISE DE SES COLLECTIVI;x
COMITE UNION SPORTIVE ENSEIGNEMENT 1ER DEGRE DU RHONE & MET LYON;
COMME LES AUTRES;
COMMERCANTS DES HALLES DE LYON PAUL BOCUSE;
COMPAGNIE 126 KILOS;
COMPAGNIE ANTEPRIMA;
COMPAGNIE AU DELA DU BLEU;
COMPAGNIE BRUNO BOEGLIN;
COMPAGNIE CASSANDRE;
COMPAGNIE DE ONZE A TROIS HEURES;
COMPAGNIE DES INCARNÉS;
COMPAGNIE DU BONHOMME;
COMPAGNIE DU GAI SAVOIR;
COMPAGNIE DU SUBTERFUGE;
COMPAGNIE ENTRELAS KONCEPT;
COMPAGNIE GET OUT;
COMPAGNIE GIROUETTE;
COMPAGNIE KADIA FARAUX;
COMPAGNIE LA CHAMBRE NOIRE;
COMPAGNIE LA GUERITA;
COMPAGNIE LA ROUQUINE;
COMPAGNIE LA STICOMISS;
COMPAGNIE LES MAINS LES PIEDS ET LA TETE AUSSI;
COMPAGNIE LES MONTURES DU TEMPS;
COMPAGNIE LES NON ALIGNES;
COMPAGNIE MAGUY MARIN;
COMPAGNIE NEUVE;
COMPAGNIE ODE MELODIQUE;
COMPAGNIE ON OFF;
COMPAGNIE OXYMORE;
COMPAGNIE PANIER PIANO;
COMPAGNIE PROPOS;
COMPAGNIE REVASSONS;
COMPAGNIE REVE DE SINGE;
COMPAGNIE STYLISTIK;
COMPAGNIE THESPIS;
COMPAGNIE UGOKI;
COMPAGNIE Y;
COMPAGNONS BATISSEURS RHONE ALPES;
CONCOURS INTERNAT MUSIQUE CHAMBRE LYON;
CONFEDERATION NAT LOGEM FEDERATION RHO;
CONFEDERATION SYNDICALE DES FAMILLES;
CONSCIENCE ET IMPACT ECOLOGIQUE.;
CONSERVATOIRE RHONE ALPES ESPACES NATURELS;
CONVENTION GYMNIQUE DE LYON;
COOP SCOLAIRE COMBE BLANCHE MATERNELLE;
COOPAWATT ASSOCIATION;
COOPAWATT SCOP;
COORDINATION DES STRUCTURES D'APPUI A LA VIE;
COORDINATION LYONNAISE ASSOCIATIONS SOURDS;
COORDINATION URGENCE MIGRANTS;
COPROPRIETE;
COPROPRIETE ARPEGE;
COPROPRIETE LE PETIT SAINTE FOY;
COPROPRIETE MONTRIBLOUD;
CORPS AU BORD;
COSMOLYON;
COUFFIN COUFFINE;
COUFFIN COUFFINE - COUFFIN COUFFINE EC;
COUFFIN COUFFINE MC;
COUP DE POUCE RELAIS;
COUP DE SOLEIL EN RHONE ALPES;
COUPLES ET FAMILLES;
COURIR A LA CATASTROPHE CALC;
CPME RHONE;
CRA P;
CRECHE PARENTALE LES P'TITS BOUTS;x
CRECHE SAINT BERNARD - MELBA  PISTACHES EC;x
CRECHE SAINT BERNARD - MELBA EF;x
CRECHE SAINT BERNARD - MELBA MYRTILLES HG;x
CRECHE SAINT BERNARD BOULEVARD EAJE;x
CRECHE SAINT BERNARD VAUCANSON EAJE;x
CRECHE ST BERNARD;x
CRF ARLEQUIN;
CRIAS;
CRIAS (CENTRE  REGIONAL D'INFORMATION POUR L'AGIR SOLIDAIRE);
CRIJ CENTRE REGIONAL INFORMATION JEUNESSE;
CRIJ RHONE ALPES;
CRO LYON SECTION BOULES;
CROIX ROUGE FRANCAISE;
CROIX ROUGE FRANCAISE CHRYSALIDE;
CROIX ROUGE FRANCAISE LA RONDE DES COLIBRIS;
CROIX ROUGE FRANCAISE LES COCCINELLES;
CROIX ROUGE FRANCAISE LES OURSONS MC;
CROIX ROUGE FRANCAISE LES P TITS PAS;
CROIX ROUGE FRANCAISE OURSONS ET COMPAGNIE;
CROIX ROUGE FRANCAISE PIERROT ET COLOMBINE;
CROIX ROUGE FRANCAISE SAVOIE LAMARTINE;
CROIX ROUSSE TAEKWONDO ASSOCIATION;
CS DE LA CROIX ROUSSE;
CTRE CULT SPORTIF PATRON LAIQUE V P BERT;
CTRE MUSIQUES TRADITIONNELLES RA;
CTRE RESSOURCES BOTANIQUE APPLIQUEE;
CUIVRES DIFFUSION ODYSSEE;
CULTURE EDUCATION FORMATION INDIVIDUALISEE;
CUMA DE POLLIONNAY;
DA TI SENI;
DAHLIR;
DELASTRE ET ASSOCIES;
DELICE ASSOCIATION;
DELTRANS;
DES ERABLES A VELO;
DES FESTIVALS DE CINEMA CONNEXION;
DESOBLIQUE;
DIALOGUES EN PHOTOGRAPHIE;
DIDIERLAURENT JEAN FRANCOIS;
DIGITAL LEAGUE;
DISPENSAIRE VETERINAIRE ETUDIANT DE LYON;
DISTRICT LYON RHONE FOOTBALL;
DITES 33;
DOCUMENTS D ARTISTES RHONE ALPES;
DOJEON TAEKWONDO LYON;
DOJO ANSHIN ARTS MARTIAUX;
DOJO OLYMPIC;
DOLUS ET DOLUS;
DONNEURS DE VOIX BIBLIOTH SONORE;
DOPP FICTION;
DUR ET DOUX;
E GRAINE LYON;
EASYROLLER LE ROLLER POUR TOUS;
EAU BIEN COMMUN LYON METROPOLE;
EAU DYSSEE;
EBULLISCIENCE;
ECHANGES RHONE-ALPES AUVERGNE PALESTINE;
ECLAIR LYON 9;
ECLAIREUSES ECLAIREURS DE FRANCE;
ECO-COUTURE;
ECOLE DE KRAV OPERATIONNEL ET PROFESSIONNEL 69;
ECOLE DE LA DEUXIEME CHANCE RHONE LYON METROPOLE;
ECOLE DE MUSIQUE DE ST RAMBERT;
ECOLE DE MUSIQUE DE TASSIN LA DEMI-LUNE;
ECOLE DE MUSIQUE DU 7EME ( EM7);
ECOLE DE MUSIQUE ET HARMONIE DECINOISE;
ECOLE DE MUSIQUE GUY CANDELORO;
ECOLE DEUXIEME CHANCE RHONE LYON METROPOLE;
ECOLE GALLIENI REEDUCATION;
ECOLE LYONNAISE DES CUIVRES;
ECOLE PRIM JULIE VICTOIRE DAUBIE OCCE;x
ECOLE PRIMAIRE AIME CESAIRE OCCE;x
ECOLE PRIMAIRE DIDEROT OCCE;x
ECOLE WILLEMS RYMEA;
ECOSILA;
ECRANS MIXTES;
EDAPE;
EGPE LYON RHONE;
ELAN CLUB SPORTIF LYON 8E;
ELAN DE LYON;
ELAN GYMNIQUE DE LYON;
ELANTIEL;
ELEMENTAIRE JEAN MACE CLUB SPORTIF GENERAL ANDRE;
ELEMENTAIRE ROBERT DOISNEAU OCCE;x
ELSHOPO;
ELYCOOP;
EMELTHEE;
EMMAUS CONNECT;
EN ACTE(S);
ENEDIS SAINT ETIENNE;x
ENGAGE E S ET DETERMINE E S;
ENSATT;
ENSEIGNANTS MATERNELLE TISSOT;
ENSEMBLE ALKYMIA;
ENSEMBLE CELADON;
ENSEMBLE DE MUSIQUE VOCALE A CAPELLA TARENTULE;
ENSEMBLE ORCHESTRAL DE LYON 9EME;
ENSEMBLE SEQUENZA;
ENTENTE SPORTIVE DEP PREFECTURE DU RHONE;
ENTOUR'AGE SOLIDAIRE;
ENTOURAGE;
ENTR AIDE DANS LE 5E;
ENTRAIDE PIERRE VALDO;
ENTRAIDE PROTESTANTE DE LYON;
ENTRAIDE SCOLAIRE AMICALE;
ENTRE2TOITS;
ENTREPRENDRE POUR APPRENDRE AUVERGNE RHONE ALPES;
ENTREPRENDRE POUR HUMANISER LA DEPENDANCE EHD;
ENTREPRENEURS DU MONDE;
ENVIE AUTONOMIE RHONE ALPES;
ENVIE D UN SOURIRE;
ENVIE PARTAGEE;
ENVIE SUD EST;
EOLE AUVERGNE RHONE ALPES;
EPI CENTRE EPICERIE SOLIDAIRE ET SOCIALE;
EQUATOR CULTURE;
EQUIPES SAINT VINCENT;
ERILIA;
ERIS;
ESCALE CREATION;
ESPACE  6 MJC;
ESPACE 44;
ESPACE AIKIDO;
ESPACE CARCO PEPINIERE D ENTREPRISES;
ESPACE CREATEUR DE SOLIDARITES;
ESPACE CULTUREL CHRISTIANISME A LYON;
ESPACE NUMERIQUE ENTREPRISES;
ESPACE SENIORS DUCHERE;
ESPERANCE SAINTE BLANDINE BASKET;
ESPERANCE STE BLANDINE GYMNASTIQUE;
ESTIME;
ETOILE CYCLISTE LYON MONPLAISIR;
ETOILE SPORTIVE TRINITE;
EUREQUA;
EVEIL DE LYON;
EVEIL MATINS;
EVEIL MATINS - EVEIL MATINS CRECHE;
EVEIL MATINS - STRUCTURE SIXIEME EVEIL;
EVEIL MATINS BULLE D EVEIL EAJE;
EXPERIMENTATION TERRITORIALE CONTRE LE CHOMAGE DE LONGUE DUREE;
FACE GRAND LYON;
FAF APRIDEV RHONE ALPES;
FAMILYA LYON;
FASO MONDE;
FC LYON ASVEL FEMININ;
FC LYON FOOTBALL;
FC2E FORMATION;
FED AMICALES REGIM ANC COMBATTANTS;
FED DEPART ASS PECHE PISCICULT;
FEDERATION  DU  RHONE PECHE;
FEDERATION CHEER UP;
FEDERATION DES CENTRES SOCIAUX DU RHONE;
FEDERATION DES OEUVRES LAIQUES DU RHONE;
FEDERATION FR TAEKWONDO & DISCIPLINES ASS;
FEDERATION OEUVRES LAIQUES RHONE;
FEMMES BATTANTES;
FEMMES CINEMA EGALITE;
FEMMES CONTRE LES INTEGRISMES;
FEMMES ET SCIENCES;
FEMMES SOLIDAIRES DU RHONE;
FERS (FONDATION ENTREPRISE REUSSITE);
FETE LE MUR;
FIBOIS 69;
FIDEV;
FIEVRE;
FIJI AUVERGNE RHONE ALPES;
FILACTIONS;
FILIGRANE ACTION ARTISTIQUE ET LANGUE FRANCAISE;
FILS DE CREA;
FNACA CENTRE DEPARTEMENT DU RHONE;
FNATH GROUPEMENT DU RHONE;
FONCIA LYON;x
FONCIERE D HABITAT ET HUMANISME;
FONDATION ACTION ET RECHERCHE HANDICAP ET SANTE MENTALE;
FONDATION ARALIS;
FONDATION ARMEE DU SALUT;
FONDATION ARMEE DU SALUT ARCHE DE NOE;
FONDATION D AUTEUIL CFC RHONE ALPES AMEJ;
FONDATION DANIELLE MITTERRAND;
FONDATION DE L ARMEE DU SALUT;
FONDATION DE LA CITE RAMBAUD;
FONDATION DISPENSAIRE GENERAL DE LYON;
FONDATION FOURVIERE;
FONDATION INNOVATION ET TRANSITIONS;
FONDATION LA MACHE;
FONDATION RICHARD;
FONJEP;
FOODSWEETFOOD;
FOOTBALL CLUB CROIX ROUSSIEN;
FOOTBALL CLUB DE GERLAND;
FOOTBALL CLUB DU POINT DU JOUR;
FOOTBALL CLUB LYON ASVEL FEMININ;
FOOTBALL ECOLOGIE FRANCE;
FOOTBALL EDUCATIF LYON;
FORT EN SPORT;
FORUM REFUGIES COSI;
FOUGOU FOUGOU;
FOYER NOTRE DAME DES SANS ABRI;
FOYER RESTAURANT LE COLOMBIER;
FRANCE ALZHEIMER RHONE;
FRANCE BENEVOLAT LYON RHONE;
FRANCE ETHIOPIE CORNE DE L AFRIQUE;
FRANCE LIBERTES FOND D. MITTERRAND;
FRANCE NATURE ENVIR RHONE;
FRANCE NATURE ENVIRONNEMENT RHONE ET METROPOLE DE LYON;
FREDERIC CHOPIN DE LYON;
FREQUENCE ECOLES;
FRISSE;
FSU 69 FEDERATION SYNDICALE UNITAIR;
GAEC DES EAUX BLEUES;
GAIA LYON;
GALERIE LE REVERBERE 2;
GALERIE TATOR;
GAMS RHONE ALPES;
GEM PARTAGE;
GENERATION LUMIERE;
GERARD MAIRE;
GERIMMO;
GERLAND COMMERCES;
GERM36;
GEST.FIC.COMMUN DEMANDE LOC.SOC.DU RHONE;
GESTION CENTRE SOCIAL CROIX ROUSSE;
GESTION CENTRE SOCIAL DE RILLIEUX;
GESTION CENTRE SOCIAL DES BUERS;
GESTION CPCT LYON;
GIHP  RHONE ALPES;
GOETHE INSTITUT LYON;
GONES FORCE 6;
GPE DE DANSES ET CHANTS FOLKLO BULGARES OT IZVORA;
GPE RECHERCHE RHONE ALPES INFRASTR EAU;
GPT DEFENSE SANITAIRE DU BETAIL DU RHONE;
GPT EPICERIES SOLIDAIRES RHONE ALPES;
GRAINE D EMPLOIS;
GRAINES DE LAIT;
GRAINES DE SOL;
GRAINES URBAINES;
GRAME;
GRAND BUREAU;
GRAND ENSEMBLE;
GRAND LARGUE LYON;
GRAND PRIX INTERNATIONAL DE PIANO DE LYON;
GRAP GROUPEMENT RÉGIONAL ALIMENTAIRE DE PROXIMITÉ;
GRAP SCOP;
GRIBOUILLE LYON MASSIMI;
GROUPE CAL;
GROUPE FANTOMAS;
GROUPE RECHERCHE EMPLOI PROBATIONNAIRES;
GROUPE SCALPEL;
GROUPE SPELEOLOGIQUE VULCAIN;
GROUPEMENT DE COOPERATION SOCIALE ET MEDICO SOCIALE;
GRPT RECHERCHE EMPLOI PROBATIONN;
GV  BELLECOUR AINAY;
GV GYMFIZZ;
GYM LYON METROPOLE;
GYMNASTIQUE VOLONT PERRACHE BAYARD;
GYMNASTIQUE VOLONTAIRE FAYOLLE;
GYMNASTIQUE VOLONTAIRE PART-DIEU;
HABITAT ET HUMANISME SOIN;
HALTERO CLUB LYONNAIS ASSOCIATION;
HANDBALL CLUB DE LYON;
HANDI LYON RHONE;
HANDISPORT LYONNAIS;
HAPOEL LYON;
HARMONIE MONTCHAT MONPLAISIR;
HAUT PARLEUR;
HAUVOIE;
HCL HOSPICES CIVILS DE LYON;x
HESPUL;
HISTORICAL CITIES ORG;
HOCKEY CLUB CHARCOT SAINTE FOY LES LYON;
HOPITAL DE FOURVIERE;
HORIZON PARRAINAGE;
HOT CLUB DE LYON;
HOTEL LE ROOSEVELT;
HOTEL SOCIAL LA CHARADE - JACQUES PREVERT EMA;
HUITIEME DIMENSION;
HUNGSING KUNG-FU CLUB;
I-CARE LAB AUVERGNE-RHONE-ALPES;x
IAAPAS;
ICAM LYON;x
ICEBERGS;
ICF HABITAT SUD EST MEDITERRANEE;x
ICF SUD EST MEDITERRANEE SA D HLM;x
IDEEHAUT;
IDEO;
IFRA INSTITUT FORMATION RHONE ALPES;
ILE BARBE PETANQUE;
ILOTOPIE LA COMPAGNIE;
IMMOBILIERE RHONE ALPES SA D HLM;x
IMPACT - AGIR POUR PREVENIR LES VIOLENCES;
IMPREVISIBLE FABRIQUE;
IN VIVO COLLECTIF D EXPLORATION SCENIQUE;
INITIATIVES ECONOMIE SOCIALE ET SOLIDAIRE;
INITIATIVES POUR LE DEVELOPPEMENT D EMPLOIS ET D ORIENTATIONS;
INLI'AURA;
INNOVATION ET DEVELOPPEMENT;
INSAVALOR;
INSERTION - TROIS CLOCHERS;
INSERTION TRAVAIL EMPLOIS MULTISERVICE;
INST BIOFORCE DEVELOPP RHONE ALPES;
INSTANCE REGIONALE D'EDUCATION PROMOTION SANTE AUV;
INSTITUT DE KRAV MAGA;
INSTITUT DES RISQUES MAJEURS IRMA;
INSTITUT FORMATION RHONE ALPES;
INSTITUT FRANCAIS CIVILISATION MUSULMANE;
INSTITUT FRANCAIS DE CIVILISATION MUSULMANE;
INSTITUT LUMIERE;
INSTITUT LUMIERE POUR LE CINEMA ET L AUDIO VISUEL;
INSTITUT MUSICAL METHODES ACTIVES DE LYON;
INSTRUMENT ET TRAITEMENT ESSAIS SUR SITE SITES;
INTER AIDE;
INTERPOL;
INUEE-LES RACCROCHEURS;
ISARA;
ITHAKO & CO;
JANUS FRANCE;
JARDIN D AINAY CRECHE COLLECTIVE;
JARDIN DE LA COLLINE;
JARDIN DES PART'AGES;
JARDIN PARTAGE CHAMPVERDOYANT;
JARDIN PARTAGE MONPLAISIR;
JARRING EFFECTS LABEL;
JAZZ A COURS ET A JARDINS;
JAZZ ELLES LYON;
JAZZ SUR LES PLACES;
JEUNES MOTIVES DU VERGOIN;
JEUNESSE ART CULTURE SPORT ET MEMOIRE;
JEUNESSE AU PLEIN AIR;
JOGO E MOVIMENTO;
JOK'HER PRODUCTIONS;
JOURNEE DE LA RESISTANCE;
JUDO CLUB CROIX ROUSSIEN;
JUDO CLUB GERLAND;
KA FETE O MOME;
KABUBU;
KARAKIB;
KARKARODON;
KASTOR AGILE COMPAGNIE DE THEATRE;
KEEP SMILING;
KINDERTREFF;
KINE PREVENTION AUVERGNE RHONE ALPES;
KIOSQUE L ARCHE CENTRE SOCIAUX ECULLY;
KOMAINU YOSAKOI LYON;
KOMMET;
KYNAROU;
L ABEILLE BEUGLE;
L ATELIER SOUDE;
L AUTRE COTE DU MONDE PRODUCTION;
L ECOLE D ANATOLE;
L EPICERIE SEQUENTIELLE;
L ESPOIR AINES;
L INCUBATEUR LES PREMIERES AUVERGNE RHONE ALPES;
L OASIS SANS SOUCI;
L OLIVIER DES SAGES;
L ORNITHORYNQUE;
L OURS EN PELUCHE;
L'ACADEMIE;
L'ALLIANCE URGENCES;
L'ASSOCIATION DU SUN TRIP;
L'ATTRAPE COULEURS;
L'EAU A LYON ET LA POMPE DE CORNOUAILLES;
L'OUVRE PORTE;
LA BERGERIE URBAINE;
LA BF15;
LA BIENNALE DE LYON;
LA CHAP;
LA CINE FABRIQUE ECOLE NAL CINEMA;
LA CINE FABRIQUE ECOLE NATIONALE DE CINEMA MULTIMEDIA EN RHONE ALPES;
LA CLOCHE;
LA COLONIE BAKAKAI;
LA COMPAGNIE D ARMES DE LYON;
LA COMPAGNIE DU CHIEN JAUNE;
LA COMPAGNIE DU SABIR;
LA COMPAGNIE M A;
LA CORDONNERIE;
LA CRAVATE SOLIDAIRE LYON;
LA DOUCE;
LA FABRIQUE DE L HABITAT PARTICIPATIF;
LA FEDERATION;
LA FERME DE LA CROIX ROUSSE;
LA FRATERNELLE DE PERRACHE;
LA FRESQUE OCEANE;
LA FRIPONNERIE;
LA FRIPONNERIE - AU DIAPASON;
LA FRIPONNERIE - PAIN D'EPICES;
LA GAULOISE DE VAISE;
LA GONETTE MLC - INDEMNITES DES ELUS;
LA GRENADE;
LA LEGUMERIE;
LA LICORNE CROUSTILLANTE;
LA LIGUE DU LYONNAIS D ESCRIME;
LA MAISON DE LA DANSE;
LA MARE A TOTO;
LA MEUTE - THEATRE;
LA MONTEE BONACHOUX;
LA PAROLE DE;
LA PAUSE BRINDILLE;
LA PIRATERIE;
LA POELE A GRATTER;
LA PORTE OUVERTE DE LYON;
LA POURSUITE;
LA RAGE;
LA RECRE ET COMPAGNIE;
LA RENAISSANCE DU VIEUX LYON;
LA RESOLUE;
LA RIBAMBELLE;
LA RONDE FOLKLORIQUE;
LA SALLE DE BAINS;
LA SAUCE SINGULIERE;
LA SAUVAGE;
LA SECONDE TIGRE;
LA STRATEGIE ECHIQUEENNE;
LA TRIBU HERISSON;
LA VITRINE DES PENTES;
LA VOLIERE;
LABO CITES;
LAIQUE CROIX ROUSSE;
LALCA;
LALOUMA;
LANGUE  PENDUE;
LDIGITAL;
LE 44 LA MAISON DES PASSAGES;
LE BLEU DU CIEL;
LE BLOC OPERATOIRE;
LE BOOSTER DE SAINT JEAN;
LE CARREFOUR;
LE CENT SEPT;
LE CHAT BOTTE;
LE COCHON VOYAGEUR;
LE COEUR DU 7;
LE CONCERT DE L HOSTEL DIEU;
LE CRIIRAD;
LE CYCLOTOURISTE;
LE DIAMANT;
LE FENIL HIRSUTE;
LE GRAND NID DE POULE;
LE GRAND NULLE PART;
LE JARDIN COLLECTIF DU PRE SENSE;
LE LA(VOIR AU PUBLIC);
LE LIEN THEATRE;
LE MAQUIS;
LE MAS;
LE MOUTARD;
LE P TIT PAINLEVE;
LE PARI SOLIDAIRE LYON;
LE PARLEMENT DES ETUDIANTS DE LYON;
LE PASSE JARDINS;
LE PASTEUR;
LE PATIO DES AINES;
LE PETIT MONDE ET L UNIVERS;
LE PIANO VAGABOND & COMPAGNIE;
LE POLARIS DE CORBAS CENTRE CULTUREL;
LE RESEAU RHONE AIN SAONE;
LE REVE EN COULEURS;
LE SAINT HUBERT;
LE SOURIRE DES AINES;
LE THEATRE DES ASPHODELES;
LE VALDOCCO;
LE VRACQUIER COLLECTIF THEATRAL;
LE XV DU BOUCHON;
LEO LAGRANGE CENTRE EST;
LEROCKEPAMORT;
LES 7 SOEURS;
LES AMIS DE CHARCOT;
LES AMIS DU 6E CONTINENT;
LES AMIS DU QUATUOR DEBUSSY;
LES ARCHERS DE LUGDUNUM VII;
LES ARCHERS DU 9EME;
LES ARTPENTEURS;
LES ATELIERS DU PRESENT;
LES AUDACIEUX;
LES BEBES BILINGUES;
LES BEBES DU VIEUX LYON LA BALEINE;
LES BISONS RAVIS;
LES BLOUSES ROSES;
LES CANUTS;
LES CHANTIERS MUSICAUX;
LES CHARMILLES;
LES CHATS DE LOYASSE;
LES CITES D OR;
LES CLES DE LA LUNE;
LES CONFLUENCES MUSICALES;
LES DAMES DE GERLAND;
LES DEBUTEUSES;
LES DEFRICHEURS DU ZENITH;
LES DRAGONS DE SAINT GEORGES;
LES ENFANTS D ATHENA;
LES ENFANTS DE LA COLLINE CRECHE PIROUETTE CC;
LES ENFANTS DE LA COLLINE CRECHE POPY CC;
LES ETATS EN FETES;
LES FOYERS MATTER;
LES FRANCAS DU RHONE;
LES FRERES D ARMES HONNEUR ET PATRIE;
LES GONES TROTTEURS;
LES GRANDS CONCERTS;
LES GRILLONS;
LES GROIX ROUSSIENS;
LES HERBES FOLLES;
LES INATTENDUS;
LES JARDINS DE LUCIE;
LES JARDINS DU CHATEAU;
LES JARDINS SUSPENDUS DE PERRACHE;
LES JOURNEES DE LYON DES AUTEURS DE THEATRE;
LES JOUTEURS DE LYON;
LES LEONCEAUX;
LES LIONS DE LYON SENSIBILISATION AU HANDICAP;
LES LIONS DU 8EME;
LES LIONS THAI;
LES LUCIOLES DE LYON;
LES MAISONS DES TOUTS PETITS;
LES MARGOUILLATS DE OUAGA;
LES MAUVAISES GRAINES;
LES MONTCHATONS;
LES MONTCHATONS ACACIAS;
LES MONTCHATONS MONTCHAT BADA;
LES MONTCHATONS MONTCHAT BOTTE;
LES MUTILES DE LA VOIX REGION RHONE ALPES;
LES NOUVEAUX CARACTERES;
LES NOUVELLES SUBSISTANCES;
LES P TITS GIONOS;
LES P TITS GONES DU 8EME;
LES P TITS MALINS;
LES P'TIS GONES DU 8EME EC - HALTE GARDERIE;
LES P'TITS GONES DU 8EME EF - CRECHE FAMILIALE;
LES PANTHERES DE LYON;
LES PASSEURS DE MEMOIRES;
LES PENICHES DU VAL DE RHONE;
LES PETITES CANTINES LYON CROIX ROUSSE;
LES PETITES CANTINES LYON VAISE;
LES PETITES CANTINES VIEUX LYON;
LES PETITS CHANTEURS DE LYON;
LES PETITS FRERES DES PAUVRES;
LES PETITS THOU;
LES REBELYONS;
LES RENCONTRES HETEROCLITES;
LES RESTAURANTS DU COEUR DU RHONE;
LES SCIENCES NATURELLES;
LES SEPTIMOUSSES CF;
LES SOLDANELLES;
LES TAMALOUS DU 5EME;
LES TRANSFORMATEURS;
LES TROIS HUIT CIE DE THEATRE;
LES TROUBADOURS DU 8EME;
LES VITRINES DE VAISE;
LES ZURBAMATEURS;
LESBIAN AND GAY PRIDE DE LYON;
LETHE MUSICALE;
LEZ'ARTS;
LEZARTGACO;
LICRA;
LICRA  LIGUE CONTRE LE RACISME ET L ANTISEMITISME;
LIE-E-S;
LIGUE AURA  SPORT UNIVERSITAIRE;
LIGUE AUVERGNE RHONE ALPES D ATHLETISME;
LIGUE AUVERGNE RHONE ALPES DE JUDO;
LIGUE DES DROITS DE L HOMME;
LIGUE IMPROVISATION LYONNAISE;
LIGUE RHONE ALPES AUVERGNE DE JOUTES ET DE SAUVETA;
LIRE ET FAIRE LIRE DANS LE RHONE;
LITTLE BEAUX ARTS;
LOPINS URBAINS;
LOU RUGBY;
LOU RUGBY SASP;
LPO AURA;
LPO AUVERGNE RHONE ALPES;
LUCI;
LUDIVERSITE;
LUGDUNUM TRIATHLON;
LYCEE PRIVE CHARLES DE FOUCAULD;x
LYON 5 HANDBALL;
LYON 6 FUTSAL;
LYON ASVEL FEMININ;
LYON ATHLE LA DUCHERE;
LYON ATHLETISME;
LYON BANDE DESSINEE ORGANISATION;
LYON BASKET FAUTEUIL;
LYON BIKE POLO;
LYON BOXE;
LYON CENTRE AIKIDO;
LYON CROIX ROUSSE FOOTBALL;
LYON DANCE STUDIOS;
LYON ECHECS PASSION 64;
LYON EVASION ROLLER;
LYON FLOORBALL CLUB;
LYON FRENCH TECH;
LYON GLACE PATINAGE;
LYON GR;
LYON HAIDONG GUMDO;
LYON HANDBALL;
LYON HOCKEY CLUB;
LYON INTERNATIONAL;
LYON LA DUCHERE;
LYON METRO TRANSPORTS PUBLICS;
LYON METROPOLE ORCHESTRA;
LYON METROPOLE TAEKWONDO;
LYON MONTCHAT GR;
LYON MOULIN A VENT (EX LYON OLYMPIQUE FUTSAL);
LYON NATATION;
LYON OLYMPIQUE ECHECS;
LYON OLYMPIQUE UNIVERSITAIRE LOU RUGBY;
LYON PESD;
LYON PLONGEON CLUB;
LYON RHONE WATERPOLO;
LYON ROLLER;
LYON SAINT PRIEST LUTTE;
LYON SAVATE;
LYON SPORT BOXE;
LYON SPORT METROPOLE;
LYON SPRINT EVOLUTION;
LYON TCHOUKBALL CLUB;
LYON TENNIS PARC;
LYON ULTRA RUN;
LYON URBAN DATA;
LYON VTT;
LYONNAISE INSERTION ECONOMIQUE ET SOCIAL;
MAC GUFFIN ASSOCIATION;
MAG JEUNES LGBT;
MAHAGONNY CIE;
MAISON AGRICULTURE URBAINE LYONNAISE;
MAISON DE L ARCHITECTURE RHONE ALPES;
MAISON DE L EDUCATION DU 1ER ARRDT;
MAISON DE L ENFANCE DE LA DUCHERE;
MAISON DE L ENFANCE DE MENIVAL;
MAISON DE L ENFANCE DE MONPLAISIR;
MAISON DE L ENFANCE DU 4EME MEJ;
MAISON DE L ENFANCE DU 6EME;
MAISON DE L ENFANCE DU 7EME;
MAISON DE L ENFANCE LYON 3EME EST;
MAISON DE L ENVIRONNEMENT;
MAISON DE L'ARCHITECTURE;
MAISON DE L'ENFANCE DE SAINT RAMBERT;
MAISON DE L'ENVIRONNEMENT;
MAISON DES EUROPEENS LYON;
MAISON DES FAMILLES DE VAULX EN VELIN;
MAISON DES JEUNES & CULTURE O TOTEM;
MAISON DES JEUNES ET DE LA CULTURE;
MAISON DES JEUNES ET DE LA CULTURE DE BRON;
MAISON DES SOLIDARITES LOCALES ET INTERNATIONALES;
MAISON DU COMBATTANT DE LYON;
MAISON JEUNES CULTURE MENIVAL;
MAISON METROPOLITAINE D INSERTION POUR L EMPLOI;
MAISON POUR TOUS;
MAISON SOCIALE CYPRIAN LES BROSSES;
MAMARAUDE;
MANDALA VILLAGE URBAIN ZERO DECHET;
MAPRA;
MAQAMAT;
MARCHE DE LA CROIX ROUSSE;
MARCHE GARE;
MARMITE COLBERT;
MASQUE DE FER;
MASSIS CLUB D'ECHECS;
MATIERE MOBILE;
MAXI AIDE GRAND LYON;
MDR THERESE COUDERC;
MEDECINE ET DROIT D ASILE;
MEDECINS DU MONDE AUVERGNE RHONE ALPES;
MEDIALYS;
MEDIATONE;
MEEERCREDI PRODUCTIONS;
MENIVAL FOOTBALL CLUB;
MERLIN PINPIN;
METROPOLE AIDANTE;
MIEUX VIVRE AU VERGOIN;
MILOS CLUB LYON 8;
MINEKA;
MISSION LOCALE BRON DECINES MEYZIEU;
MISSION LOCALE DE LYON;
MISSION LOCALE DES JEUNES;
MISSION LOCALE INSERTION ECO & SOC. JEUNES;
MISSION LOCALE RHONE SUD;
MISSION LOCALE RHONE SUD EST;
MJC ESPACE MONTCHAT;
MJC FONTAINES ST MARTIN;
MJC JEAN MACE;
MJC LA DUCHERE;
MJC LAENNEC MERMOZ;
MJC MENIVAL;
MJC MONPLAISIR;
MJC PRESQU ILE CONFLUENCE;
MJC SAINT JUST;
MJC SANS SOUCI;
MJC STE FOY LES LYON;
MJC VIEUX LYON;
MODE D EMPLOI RHONE;
MODERNISER SANS EXCLURE RH ALPE;
MODULE;
MON MARCHE MON PLAISIR;
MOTOCYCLE CLUB DE LYON;
MOUVEMENT DE PALIER;
MOUVEMENT DU NID;
MOUVEMENT FRANCAIS PLANNING FAMILIAL;
MOUVEMENT UNION ACTION DEPORTES INTERNES RESISTANC;
MOZAIK RH;
MSD ATELIERS ET CHANTIERS D INSERTION;
MUSEE URBAIN TONY GARNIER;
MUSIC 85 ECOLE DE MUSIQUE;
MUSIC A DOM;
MUSICALIA;
MUSIGONES;
MUSIQUE ET PARTAGE;
MUSIQUE O PARC;
MUTUALITE FRANCAISE DU RHONE  MIRABILIS VILLETTE;x
MUTUALITE FRANCAISE DU RHONE ANDREE ROUX;x
MUTUALITE FRANCAISE DU RHONE GRAIN D ORGE;x
MUTUALITE FRANCAISE DU RHONE L EPINETTE;x
MUTUALITE FRANCAISE DU RHONE LES DALHIAS MC;x
MUTUALITE FRANCAISE DU RHONE LES ROSEAUX;x
MUTUALITE FRANCAISE DU RHONE MICROCRECHE CARILLONS;x
MUTUALITE FRANCAISE DU RHONE MYRTILLE;x
MUTUALITE FRANCAISE DU RHONE RAM CITROUILLE;x
MUTUALITE FRANCAISE DU RHONE RAM L ENVOLEE;x
MUTUALITE FRANCAISE DU RHONE RAM LES ALOUETTES;x
MUTUALITE FRANCAISE DU RHONE RAM LES NYMPHEAS;x
MUTUALITE FRANCAISE DU RHONE RAM POTIRON;x
MUTUELLE PETITE ENFANCE CHAZIERE JARDIN DES GONES;x
MUTUELLE PETITE ENFANCE LA COURTE ECHELLE RAM;x
MUTUELLE PETITE ENFANCE LAFAYETTE CANNE A SUCRE;x
MUTUELLE PETITE ENFANCE LES P TITS SOYEUX;x
MUTUELLE PETITE ENFANCE LES PITCHOUNES DU 6EME;x
MUTUELLE PETITE ENFANCE LOUP 9 RAM BABY 9;x
MUTUELLE PETITE ENFANCE LOUP 9 RAM BABY LOUP;x
MUTUELLE PETITE ENFANCE LYON 7 RAM POUSS 7;x
MUTUELLE PETITE ENFANCE RAM BABY DUCH;x
MY PRESQU ILE;
MYTHE AU LOGIS;
NATIONALE ANCIENS COMBATTANT;
NATURE ET SENS;
NETBALL LYON;
NICOLAS ET PIMPRENELLE;
NIGHTLINE FRANCE;
NO KACHI LYON;
NOUVEAUX ESPACES LATINOS;
NOUVEL INSTITUT FRANCO CHINOIS;
NOUVELLE RENAISSANCE LYONNAISE;
NOVA;
NUEES D IMAGES;
OBJECTIF POUR L EMPLOI DES CADRES EN RHONE ALPES;
OCCE  PRIMAIRE JEAN PIERRE VEYET;
OCCE ECOLE ALPHONSE DAUDET;
OCCE ECOLE ANDRE PHILIP;
OCCE ECOLE ANTOINE CHARIAL;
OCCE ECOLE BERTHELIER;
OCCE ECOLE CAMUS ALBERT;
OCCE ECOLE CLAUDIUS BERTHELIER;
OCCE ECOLE COMMANDANT ARNAUD;
OCCE ECOLE DES TABLES CLAUDIENNES;
OCCE ECOLE DU CHAPEAU ROUGE;
OCCE ECOLE ELEM  MARCEL PAGNOL;
OCCE ECOLE ELEMENTAIRE A. REMOND;
OCCE ECOLE ELEMENTAIRE AVEYRO-BLQ;
OCCE ECOLE ELEMENTAIRE AVEYRON;
OCCE ECOLE ELEMENTAIRE GARE D EAU;
OCCE ECOLE ELEMENTAIRE GERMAINE TILLION;
OCCE ECOLE ELEMENTAIRE JEAN MACE 8EME;
OCCE ECOLE ELEMENTAIRE JEAN ROSTAND;
OCCE ECOLE ELEMENTAIRE LES DAHLIAS;
OCCE ECOLE ELEMENTAIRE LOUISE;
OCCE ECOLE ELEMENTAIRE MARC BLOCH;
OCCE ECOLE ELEMENTAIRE MEYNIS;
OCCE ECOLE ELEMENTAIRE REBATEL;
OCCE ECOLE JEAN DE LA;
OCCE ECOLE JEAN GERSON;
OCCE ECOLE JEAN GIONO;
OCCE ECOLE JEAN JAURES;
OCCE ECOLE JEAN RACINE;
OCCE ECOLE JOANNES MASSET;
OCCE ECOLE JOHN KENNEDY;
OCCE ECOLE JOLIOT CURIE;
OCCE ECOLE LA SAUVAGERE;
OCCE ECOLE LEON JOUHAUX;
OCCE ECOLE LES ANEMONES;
OCCE ECOLE LES ENTREPOTS;
OCCE ECOLE LES GRILLONS;
OCCE ECOLE LUCIE AUBRAC;
OCCE ECOLE MAT JEAN JAURES;
OCCE ECOLE MATERNELL;
OCCE ECOLE MATERNELLE BERLIOZ;
OCCE ECOLE MATERNELLE BERTHELOT;
OCCE ECOLE MATERNELLE CONDE;
OCCE ECOLE MATERNELLE DIDEROT;
OCCE ECOLE MATERNELLE DOLET;
OCCE ECOLE MATERNELLE DU RHONE;
OCCE ECOLE MATERNELLE FOUGERES;
OCCE ECOLE MATERNELLE HARMONIE-REBATEL;
OCCE ECOLE MATERNELLE JEAN DE LA FONTAINE;
OCCE ECOLE MATERNELLE JEAN ZAY;
OCCE ECOLE MATERNELLE JOLIOT CURIE;
OCCE ECOLE MATERNELLE LA GARE D EAU;
OCCE ECOLE MATERNELLE LAURENT MOURGUET;
OCCE ECOLE MATERNELLE LES BATTIERES;
OCCE ECOLE MATERNELLE LES DAHLIAS;
OCCE ECOLE MATERNELLE LES GERANIUMS;
OCCE ECOLE MATERNELLE MAURICE CAREME;
OCCE ECOLE MATHILDE SIRAUD;
OCCE ECOLE MICHEL SERVET;
OCCE ECOLE PARC MONTEL;
OCCE ECOLE PAUL EMILE VICTOR;
OCCE ECOLE PERGAUD;
OCCE ECOLE PHILIBERT DELORME;
OCCE ECOLE PRIM BERLIOZ;
OCCE ECOLE PRIMAIRE A CESAIRE;
OCCE ECOLE PRIMAIRE ANTONIN LABORDE;
OCCE ECOLE PRIMAIRE CONDORCET;
OCCE ECOLE PRIMAIRE CREQUI;
OCCE ECOLE PRIMAIRE E HERRIOT;
OCCE ECOLE PRIMAIRE FERDINAND BUISSON;
OCCE ECOLE PRIMAIRE FULCHIRON;
OCCE ECOLE PRIMAIRE GEORGES LAPIERRE;
OCCE ECOLE PRIMAIRE GILBERT DRU;
OCCE ECOLE PRIMAIRE INTERNATIONALE;
OCCE ECOLE PRIMAIRE LES BLEUETS;
OCCE ECOLE PRIMAIRE LOUIS PRADEL;
OCCE ECOLE PRIMAIRE MEYNIS;
OCCE ECOLE RAOUL DUFY;
OCCE ECOLE RAVI;
OCCE ECOLE SERGENT BLANDAN;
OCCE ECOLE SIMONE SIGNORET;
OCCE ECOLE VICTOR HUGO;
OCCE ELEMENTAIRE CHAMPVERT OUEST;
OCCE ELEMENTAIRE COMMANDANT ARNAUD;
OCCE ELEMENTAIRE CONDE;
OCCE ELEMENTAIRE JEAN GERSON;
OCCE ELEMENTAIRE NOVE JOSSERAND;
OCCE ELEMENTAIRE PAUL BERT;
OCCE ELEMENTAIRE POMPIDOU;
OCCE FERDINAND BUISSON;
OCCE GS GINKGO;
OCCE LAMARTINE;
OCCE MATER PAUL EMILE VICTOR;
OCCE MATERNELLE ALAIN FOURNIER;
OCCE MATERNELLE ALIX;
OCCE MATERNELLE ANDRE PHILIP;
OCCE MATERNELLE ANTOINE REMOND;
OCCE MATERNELLE BRIAND;
OCCE MATERNELLE CHARLES PEGUY;
OCCE MATERNELLE CONDORCET;
OCCE MATERNELLE CRESTIN;
OCCE MATERNELLE CROIX ROUSSE;
OCCE MATERNELLE EDOUARD HERRIOT;
OCCE MATERNELLE FRANCOIS TRUFFAUT;
OCCE MATERNELLE FULCHIRON;
OCCE MATERNELLE GEORGES LAPIERRE;
OCCE MATERNELLE GILBERT DRU;
OCCE MATERNELLE GILIBERT;
OCCE MATERNELLE JEAN  ROSTAND;
OCCE MATERNELLE JEAN COUTY;
OCCE MATERNELLE JEAN MACE;
OCCE MATERNELLE JEAN MERMO;
OCCE MATERNELLE JEAN MERMOZ;
OCCE MATERNELLE JEAN RACINE;
OCCE MATERNELLE JOSEPH CORNIER;
OCCE MATERNELLE JULES VERNE;
OCCE MATERNELLE LA SARRA;
OCCE MATERNELLE LAVIROTTE;
OCCE MATERNELLE LES EGLANTINES;
OCCE MATERNELLE LES GEMEAUX;
OCCE MATERNELLE LES P TITS CANUTS;
OCCE MATERNELLE MARCEL PAGNOL;
OCCE MATERNELLE MARIE BORDAS;
OCCE MATERNELLE NOVE JOSSERAND;
OCCE MATERNELLE OLYMPE DE GOUGE;
OCCE MATERNELLE PASTEUR;
OCCE MATERNELLE ROBERT DOISNEAU;
OCCE MATERNELLE SAINT EXUPERY;
OCCE MATERNELLE SAINT PIERRE;
OCCE MATERNELLE VICTOR HUGO;
OCCE PRIMAIRE CHEVALIER BAYARD;
OCCE PRIMAIRE COMBE BLANCHE;
OCCE PRIMAIRE FREDERIC MISTRAL;
OCCE PRIMAIRE JEAN ZAY;
OCCE PRIMAIRE JOSEPH CORNIER;
OCCE PRIMAIRE LES GEMEAUX;
OCCE PRIMAIRE LOUIS PASTEUR;
OCCE PRIMAIRE LUMIERE;
OCCE PRIMAIRE MICHEL SERVET;
OCCE PRIMAIRE MICHELET;
OCCE PRIMAIRE MONTAIGNE;
OCCE PRIMAIRE MONTBRILLANT;
OCCE PRIMAIRE PAIN LEVE;
OCCE PRIMAIRE PIERRE CORNEILLE;
OCCE RHONE COOP SCOL 1   ECOLE PE VICTOR;
ODYNEO;
ODYSSEE GREEN;
ODYSSEUS 3.1;
OEUVRE DU BON PASTEUR;
OFELIA;
OFF TOURISME BUREAU CONGRES GRAND LYON;x
OFFICE DES SPORTS DE LYON;
OFFICE MUNICIPAL DES SPORTS DE VAULX EN VELIN;
OFFICE RHODANIEN LOGEMENTS SOCIAUX;x
OFFICE VILLEURBANNAIS PERSONNES AGEES;
OFFISA 1ER ARRDT;
OFFISA 5EME ARRDT;
OFTA SERVICE AIDE A DOMICILE;
OGEC AUX LAZARISTES - LA SALLE LYON;
OGEC DE JEANNE DE LESTONNAC;
OGEC DES CHARTREUX;
OGEC LA XAVIERE;
OGEC NOTRE DAME DE BELLECOMBE;
OGEC NOTRE DAME DE BELLEGARDE;
OGEC SACRE COEUR;
OGEC SAINT LOUIS SAINT BRUNO;
OGEC ST CHARLES DE RILLIEUX;
OHM ART;
OIKOS;
OIP SECTION FRANCAISE;
OLYMPIQUE LYONNAIS ASSOCIATION;
OLYMPIQUE LYONNAIS SECTION FOOT BALL;
OMS  ORGANISATION MONDIALE DE LA SANTE;
ON THE GREEN ROAD;
ONE SHOT;
OPERA DE LYON;
OPERA NATIONAL DE LYON;
OPPELIA;
ORAGE PRODUCTION;
ORDRE DES AVOCATS AU BARREAU DE LYON;
ORGANISME DE FONCIER SOLIDAIRE DE LA METROPOLE DE LYON;x
ORSAC;
OSONS ICI ET MAINTENANT;
OSTINATO;
OULLINS ENTR AIDE SERVICE A DOMICILE;
OXALIS;
OXALIS SCOP;
OXFAM FRANCE AGIR ICI;
OZIO ASC ANSM;
PARENTS AMIS ENFANTS CHAMPVERT;
PAROLES ET MUSIQUE;
PASSERELLE;
PASSERELLES BUISSONNIERES;
PATRONAGE SCOLAIRE LAIQUE MONTCHAT;
PAX AUGUSTA GROUPE GALLO ROMAIN DE LUGDUNUM;
PENTES VERTES;
PIANO A LYON;
PIERRE ET LE LOUP;
PIGNON SUR RUE;
PIMMS LYON METROPOLE;
PL BORDEAUX;
PLATEFORME DE LA JEUNE CREATION FRANCO ALLEMANDE;
PLEIN CHAMP;
PLUG N PLAY MUSIC SCHOOL;
POINT DE VUE SUR LA VILLE;
POLE AVENIR EMPLOI;
POLE NEUF MJC - CENTRE SOCIAL;
POLE TECHNIQUE;
PONTEM ASSOCIATION;
POSTE HABITAT RHONE-ALPES;
POUR LA GESTION DU CENTRE SOCIAL BONNEFOI;
POURSUIVRE;
PRADO ITINERAIRES;
PRESENCE ACTION PERSONNES AGEES VIL LYON;
PRESENCE DU 8EME RHONE;
PREVENTION ROUTIERE COMITE RHONE;
PRISON INSIDER;
PROCESSIEP;
PRODUCTEUR INDEPENDANT DE MUSIQUE;
PROGRAMME SOLIDARITE EAU;
PROPOS;
PYGMOPHONE;
Personne physique (anonymisée);x
QUAIS DU POLAR;
QUARTIER CHEVREUL;
QUARTIER LIBRE;
QUARTIER VITALITE CENTRE SOCIAL;
QUI FAIT CA KIFFER CA;
RACING CLUB DE LYON;
RACING CLUB MERMOZ;
RAMDAM UN CENTRE D ART;
RASKINE ET COMPAGNIE;
RASSEMBLEMENT D ENERGIES ESPACE ARTISTIQUE;
RASSEMBLEMENT ENERGIES POUR SAUVEGARDE D'UN ESPACE ARTISTIQUE UTOPIQUE;
REAGIR L ENFANT ET LA RUE;
RECUP ET GAMELLES;
REED;
REGARD SUD;
REGIE GAMBETTA CHAMARIER COMPAGNIE;
REGIE NOUVELLE HABITAT ET HUMANISME;
REGIONAL E-SPORT CLUB REC;
RELAIS ENFANTS PARENTS RHONE;
RENOUVEAU BOXE CROIX ROUSSE;
REPORTERS SOLIDAIRES;
REPUBLIK HOTEL;
RESAMUT MHM;
RESEAU AMAP AUVERGNE RHONE ALPES;
RESEAU DE SANTE MUTUALISTE;
RESEAU ENTREPRENDRE RHONE;
RESEAU INTERMED;
RESEAU MARGUERITE CULTIVONS ENSEMBLE UN MONDE PLUS JUSTE;
RESEAU PERINATAL AURORE;
RESEAU SANTE;
RESSORT;
RESTAURANT CLUB CONDE ENTRE RHONE ET SAONE;
RESTAURANTS DU COEUR RHONE;
RHCL RINK HOCKEY CLUB DE LYON;
RHONE DEVELOPPEMENT INITIATIVE;
RHONE EMPLOIS EXPLORATIONS DEVELOPPEMENT;
RHONE EMPLOIS NOUVEAUX;
RHONE SAONE HABITAT;
RNSA;
ROBINS DES VILLES;
RONALPIA;
RONALPIA INCUBATEUR DE L'ECOLE 3A;
RTT COMME RETRAITE;
SA HLM LOGEMENT ALPES RHONE;x
SAFORE;
SAINT FONS GERLAND SAVATE;
SAINTE FOY RUGBY LEAGUE;
SAMAKE KUNDA;
SANTY PLAINE ACTIONS;
SAUVEGARDE 69;
SAUVEGARDE EMBELLISSEMENT LYON;
SCE MAINTIEN DOMICILE LYON PENTES PRESQU;
SCENES;
SCI CINESAUVAGE;
SCI LES PETITES BOTTES;
SCI VAULX EN VELIN - RUE ERNEST RENAN;
SCIC HABITAT RHONE ALPES SA DE HLM;x
SCOUTS ET GUIDES DE FRANCE 28E LYON ASSO;
SDC  HAUTS DU GOLF;
SDC 6001 LES DAMES;
SDC ALBERT THOMAS;
SDC LE CHARTOUX;
SDC LE SAINT ANDRE;
SDC LES TROIS MATS;
SDC NOISERAIE;
SDC RESIDENCE BEGUDE;
SDC SOLEIL LEVANT;
SECONDE NATURE;
SECOURS CATHOLIQUE;
SECOURS POPULAIRE FRANCAIS;
SECTOR SOCIETE D ETUDES ET DE CONSEILS EN TECHNOLOGIE ET ORGANISATION;
SEL GRAND TROU BASKET BALL;
SEMCODA;x
SENS & SAVOIRS;
SENS INTERDITS;
SERVICE DE COOPERATION AU DEVELOPPEMENT - SCD;
SERVICE DE MAINTIEN A DOMICILE LYON PENTES PRESQU ILES;
SGC LYON VILLE ET METROPOLE;
SI SI LES FEMMES EXISTENT;
SI TU;
SIGNES DE SENS;
SILK IN LYON;
SILK ME BACK;
SIMON DE CYRENE LYON METROPOLE;
SINGA LYON;
SKARAPHONE;
SMOOTHSEVENTIES;
SNCF GARES ET CONNEXIONS;
SO VIEUX LYON - COLLECTIF DES ACTEURS ECONOMIQUES;
SOC ENSEIGNEMENT PROFESS RHONE;
SOCIAL PALACE;
SOCIETE ANONYME DE CONSTRUCTION DE LA VILLE DE LYON S A C V L;
SOCIETE BOULISTE DU CHATEAU;
SOCIETE D ENCOURAGEMENT ECOLES LAIQUES;
SOCIETE D H L M CITE NOUVELLE;x
SOCIETE D HISTOIRE  DE LYON;
SOCIETE EDITRICE LE MONDE;
SOCIETE ESCRIME DE LYON;
SOCIETE LYONNAISE D HORTICULTURE;
SOCIETE PUBLIQUE LOCALE GESTION DES ESPACES PUBLICS DU RHONE AMONT;
SOCIETE ST VINCENT DE PAUL;
SOFUB;
SOIERIE VIVANTE;
SOINS ET SANTE;
SOLID ARTE DE LAHSO;
SOLIDARITE MARATHON DES SABLES;
SOLIDARITE REUSSITE SCOLAIRE;
SOLIHA;
SOLIHA RHONE ET GRAND LYON;
SOS AMITIE LYON;
SOS MEDITERRANEE FRANCE;
SOS SUICIDE PHENIX LYON;
SOS URGENCES GARDE D&#8217;
SPA DISPENSAIRE DE LYON;
SPACEJUNK LYON;
SPIRIT ACADEMY CHEER ET DANCE;
SPIRITO;
SPL LYON CONFLUENCE;
SPL LYON PART-DIEU;
SPORT FITNESS;
SPORT PASSION DEVELOPPEMENT;
SPUTNIK;
SR 9;
ST GENIS EMPLOI;
STAND;
STARDUST ACP;
STE FRANCAISE DES ROSES;
STUDIO GANEK;
SUPERPOSITION;
SYNAPSE;
SYNAPSES;
SYNDIC DE COPROPRIETE LE GAI VALLON;
SYNDICAT COPROPRIETE  LE GAI VALLON;
SYNDICAT DES COPROPRIETE RESIDENCE BELLEMAIN;
SYNERG IAE 69;
SYSTEMA LYON;
TA NO PE- BRASIL;
TAKWONDO CLUB DU PARC;
TANGO DE SOIE;
TEAM - H.A SPORT COMBAT 69;
TECH ENERG NOUV ENERG REN RHONE ALPES DROME ISERE SAVOIE;
TENNIS CLUB DE LA CROIX ROUSSE;
TENNIS CLUB DE LYON;
TENNIS CLUB DE LYON 1ER;
TENNIS CLUB DU FORT;
TENNIS CLUB MUNICIPAL DU 5EME;
TENNIS CLUB ST RAMBERT;
TENNIS DE TABLE GERLAND LYON 7;
TENNIS LYON 8EME;
TERRE D'ANCRAGES;
TERRE DE MILPA;
TERRE SISLEY;
THALASSA CLUB DE PLONGEE;
THE GREENER GOOD;
THEATRE DE GERLAND;
THEATRE DE LA CHRYSALIDE;
THEATRE DE LA CITE VILLEURBANNE;
THEATRE DE LA CROIX ROUSSE;
THEATRE DES MARRONNIERS;
THEATRE DU GRABUGE;
THEATRE DU POINT DU JOUR;
THEATRE LES CLOCHARDS CELESTES;
THEATRE NOUVELLE GENERATION CENTRE;
THEATRE NOUVELLE GENERATION TNG;
THEATRE OBLIQUE;
THEATRES DE L ENTRE DEUX;
THÉÂTRE DU BRUIT;
TIGRE;
TILLANDSIA;
TIM&COLETTE COHABITATION;
TISSAGE;
TOP GONES LYON;
TOP MUSIC;
TOTAAL REZ;
TOUS A LA MUSIQUE VERRAMUSE;
TOUT VA BIEN;
TRACES HISTOIRE MEMOIRES ACTUALITE MIGRATIONS RA A;
TRAIT D UNION DUCHERE;
TRANSMISSION;
TRANSPARENTS;
TRAVERSANT 3 EQUIPE DE CREATION ARTISTIQUE;
TREMPLIN ANEPA;
TRIANGLE LYON 6;
TRISOMIE 21 RHONE ET METROPOLE DE LYON;
TROI3;
TURAK THEATRE;
U GOMINA;
UCIL UNION COMITES INTERETS LOCAUX;
UFCS FR FORMATION INSERTION;
UGAB LYON;
UGFRL;
UN MOMENT DE DETENTE;
UNACITA;
UNAFAM 69 METROPOLE DE LYON ET RHONE;
UNDOKAÏ;
UNE SOURIS VERTE;
UNE SOURIS VERTE HALTE GARDERIE;
UNE SOURIS VERTE MICRO CRECHE SOURIS7;
UNION COMMERCANTS ARTISANS CROIX ROUSSE;
UNION COMMERCANTS ARTISANS MONPLAISIR;
UNION D ECONOMIE SOCIALE NEMA LOVE;
UNION DEPART  CFTC DU RHONE;
UNION DEPART SYND CONFED RHONE CGT;
UNION DEPART SYND FO RHONE;
UNION DEPARTEMENTAL CFE CGC RHONE;
UNION DEPARTEMENTALE CFDT DU RHONE;
UNION DEPARTEMENTALE UNSA DU RHONE;
UNION DES COMMERCANTS TETE D OR;
UNION DES SOCIETES DE TIR SPORTIF;
UNION FAMILIALE DE PERRACHE COCON DE BLANDINE;
UNION GESTION ETS CAISSES ASSUR MALADIE;
UNION MUSICALE LYON GUILLOTIERE ETATS UNIS;
UNION NAT ANCIENS COMB FRANC MUSULM;
UNION NATIONALE DES COMBATTANTS LYON OUEST;
UNION NATIONALE DES FEDERATIONS D ORGANISMES D HLM;
UNION NATIONALE DU SPORT SCOLAIRE;
UNION NATIONALE FEDERATION HLM;
UNION REGIONALE POUR L HABITAT DES JEUNES AUVERGNE RHONE ALPES;
UNION SPORTIVE CHEMINOTS LYON VAISE;
UNION SPORTIVE CULTURELLE ARISTIDE BRIAND;
UNIS CITE AUVERGNE RHONE ALPES;
UNIS VERS L EMPLOI;
UNISOAP;
UNSUI DOJO;
URGENCE SOCIALE RUE;
USEP ANNE SYLVESTRE;
USEP ECOLE MARYSE BASTIE;
USEP LYON;
UZINASON;
VALENTIN HAUY SCE AVEUGLES MALVOYANTS;
VBLM5;
VERBECELTE ET COMPAGNIE;
VERS UN RESEAU D ACHAT;
VERS UN RESEAU D ACHAT EN COMMUN;
VESTIBUS;
VIFFIL SOS FEMMES;
VILL AGES;
VILLAGE CREATEURS DU PASSAGE THIAFFAIT;
VILOGIA SOCIETE ANONYME D HLM;x
VIRAGES SANTE;
VITTON ACTIONS;
VIVA LA VIDA;
VIVRE AUX ECLATS;
VIVRE ENSEMBLE;
VLM VILLEURBANNE LYON METROPOLE;
VOISINMALIN;
VOLCA;
VOLLEY BRON LYON LUMIERE;
VOLLEY CLUB GAY DE LYON;
VOLTAIRE LYON BASKET;
VOVINAM VIET VO DAO LYON;
WADO CLUB DE LYON;
WATIZAT;
WEAVERS;
WHY MCA;
WHY WE BALL;
WOODSTOWER;
XLR PROJECT;
YACHT CLUB DU RHONE;
YERKIR EUROPE;
YOON FRANCE;
ZERO DECHET LYON;
ZONE ONZE;
