,0
0,124 SERVICES
1,159-165 COURS TOLSTOI
2,3F RESIDENCES
3,A D E R L Y
4,A L T M (AGENCE LYON TRANQUILITE MEDIATION)
5,A L'ASCENSEUR
6,A LA CROISEE DES CHEMINS EPI C BON
7,ABC HLM DU RHONE
8,ACADEMIE LYONNAISE DE BOXE
9,ACADEMIE SCIENCES BELLES LETTRES ARTS
10,ACADEMIE TIAN LONG
11,ACCESAME
12,ACCOMPAGNER
13,ACEPP RHONE
14,ACLYR ASSOCIATION CHINOIS DE LYON
15,ACOLEA
16,ACOLEA CHOCOLATINE
17,ACOLEA L'OCEANE
18,ACOLEA LES CANAILLOUS
19,ACOLEA LES CARPILLONS
20,ACOLEA LES LUCIOLES
21,ACOLEA POM CANNELLE
22,ACOUCITE
23,ACS MAYOTTE
24,ACTFORREF ACTION INTERNATIONALE D AIDE AUX REFUGIE
25,ACTION SPORT EDUCATION
26,ADAMOV
27,ADAPEI 69
28,ADB ACADEMIE GRAND LYON
29,ADELE
30,ADFI DEFENSE FAMILLE ET INDIVIDU
31,ADHEC
32,ADIE
33,ADIPAC
34,ADME OBSTINATO
35,ADOMA
36,ADOPTE UNE ASSO
37,ADPM M TOM MARCHE
38,ADR CATM
39,ADRIEN M CLAIRE B
40,AFEV
41,AFMD
42,AFPIA SUD EST
43,AFRICA 50
44,AFX
45,AGDS ALLIX CC
46,AGDS BARBUSSE
47,AGDS BERTHELOT EPARGNE
48,AGDS BLANDAN
49,AGDS JARDIN D ENFANTS DU 5EME
50,AGDS LUMIERE
51,AGDS RAM BABY 9
52,AGDS RAM BABY DUCH
53,AGDS RAM BABY LOUP
54,AGENCE D URBANISME DE L AIRE METROPOLITAINE LYONNAISE
55,AGENCE LOCALE DE L ENERGIE ET DU CLIMAT
56,AGENCE LOCALE DE L ENERGIE ET DU CLIMAT GRAND LYON
57,AGENCE URBANISME AIRE METROP. LYONNAISE
58,AGEND ARTS
59,AGIR ENSEMBLE DROITS DE L HOMME
60,AGIR POUR L EGALITE
61,AGRIBIO RHONE & LOIRE
62,AGRIBIO RHONE ET LOIRE
63,AGRONOMES ET VETERINAIRES SANS FRONTIERES
64,AIDEN CHANTIERS
65,AIDER A APPRENDRE
66,AIDES
67,AIKIDO DU RHONE
68,AJ2 PERMANENCE EMPLOI
69,AJD MAURICE GOUNON
70,AJD MIRLY
71,AKKA STUDIO
72,ALCOOL ASSISTANCE RHONE
73,ALERTE
74,ALFA 3A  L ESCALE DE NELLY
75,ALFA 3A LE CHANTOISEAU
76,ALFA 3A LE NID D ANGES
77,ALFA 3A LES COPAINS D ABORD EM
78,ALFA3A LES MOUSSAILLONS DES DOCKS
79,ALGODYSTROPHIE FRANCE
80,ALIS
81,ALIZES FORMATION
82,ALLEGRETTO
83,ALLIADE HABITAT
84,ALLIADE HABITAT- SIEGE
85,ALLIANCE ACTIONS AFRIQUE
86,ALLIANCE JIUJITSU LYON 69
87,ALLIES
88,ALPIL
89,ALPIL AC LYON INS SOC LOGEMENT
90,ALS ASSOC LUTTE CONTRE LE SIDA
91,ALTEA
92,ALTERNATIBA RHONE
93,ALTM
94,ALYNEA
95,ALYT SOLIDARITE FORMATION SANTE
96,AMAHC
97,AMICALE ANCIENS ELEVES DU 6EME
98,AMICALE BOULE CHAMPVERT
99,AMICALE BOULE DES CARRIERS
100,AMICALE BOULE PARC TETE D OR
101,AMICALE CYCLISTE LYON VAISE
102,AMICALE D AUSCHWITZ BIRKENAU
103,AMICALE DE LA RESIDENCE HENON CANUTS
104,AMICALE DU NID
105,AMICALE LAIQUE ALAIN FOURNIER
106,AMICALE LAIQUE MIXTE RAMBERTOISE
107,AMICALE LAIQUE VAISE SERIN
108,AMICALE LAIQUE VOLTAIRE
109,AMICALE RENOUVEAU PRESSENSE
110,AMICALE SCOLAIRE LAIQUE GRATTE CIEL
111,AMICALE SPORTIVE LYONNAISE DE BANQUE
112,AMIS DES MALADES
113,AMITIE DES PERSONNELS METROPOLITAINS ET MUNICIPAUX
114,ANCIELA
115,ANIKI VOVO
116,ANIMAFAC
117,ANOU SKAN
118,ANTS
119,AOA PROD
120,APELIPA  LE JARDIN COUVERT
121,APF FRANCE HANDICAP
122,APIDH
123,APMMGLL
124,APPUI GESTION FORMATION SCOP
125,APPUI GESTION FORMATION SCOP ENTREPRISES
126,AQUA SYNCHRO LYON
127,AQUARIUM CINE CAFE
128,ARAIGNEE BLEU CIEL
129,ARC EN CIEL FRANCE
130,ARCHEO MUR
131,ARCOSM
132,ARHM
133,ARHM PETITE UNITE DE VIE HABITAT PLUS
134,ARLYMET
135,ARRANGEMENT PROVISOIRE
136,ART CONTEMPORAIN EN AUVERGNE RHONE ALPES
137,ART CONTEMPORAIN EN RHONE ALPES
138,ART DU DEPLACEMENT ACADEMY LYON
139,ARTHROPOLOGIA
140,ARTIS MBC
141,ARTS ET DEVELOPPEMENT RHONE ALPES
142,ARTS MARTIAUX DES CANUTS
143,ARTS MARTIAUX DU 4
144,ARTS PENTES
145,ARTY FARTY
146,AS ASSIST MATER PARENTS CX ROUSSE
147,AS DVLPT ROLLER SKATE BMX SKATEPARK
148,AS NAT ANC COMBAT VICTIM GUERRE EQUIPEMENT
149,ASC DU GROUPEMENT HOSPITALIER EST
150,ASCAL
151,ASL LOTISSEMENT DUCHAMP
152,ASL PRIDY
153,ASPERLY
154,ASS ALAFIA WE
155,ASS AMICALE AGENCE EAU RHONE MEDIT CORSE
156,ASS ARTISTIQUE DIVERSITES NUMERIQUES
157,ASS BERTHELOT MERMOZ NOUVEAU MONDE
158,ASS CENTRE SOCIAL GRIGNY
159,ASS CHARLES PEGUY LYON 8
160,ASS COMMERCANTS ET ARTISANS VILLETTE PAUL BERT
161,ASS COMPAGNIE DU BONHOMME
162,ASS D AIDE AU LOGEMENT DES JEUNES
163,ASS DE GESTION DE LA VILLA GILLET
164,ASS DES CENTRES  SOCIAUX ET CULTURELS DE CALUIRE ET CUIRE
165,ASS DES CENTRES SOCIAUX OULLINS
166,ASS DES PORTE DRAPEAUX DU LYONNAIS
167,ASS ECOLE DE MUSIQUE DE CALUIRE ET CUIRE
168,ASS ECOLE MATERNELLE JEAN MACE
169,ASS ECULLOISE MUSIQUE
170,ASS EDUC SCOLAIRE FENELON LA TRINITE
171,ASS FAISE CENTRES CONSULT CONJUGALE
172,ASS FAMILLE QUARTIER ST VINCENT LA FARANDOLE CC
173,ASS FAMILLE QUARTIER ST VINCENT LES AUGUSTINS CC
174,ASS FEDERATION NAT  RAPATRIES
175,ASS FONDATION RENAUD
176,ASS GEST CTRE SOCIAUX SANTY-MERMOZ
177,ASS GESTION ANIMATION CENTRE SOCIAL
178,ASS GESTION CENT SOCIAL VAISE
179,ASS GESTION CENTRE SOCIAL DE MOULIN A VENT
180,ASS GESTION SOCIAL ETATS UNIS
181,ASS HABITAT HUMANISME RHONE
182,ASS HARMONIE DE NEUVILLE
183,ASS LA PASSERELLE D EAU DE ROBEC
184,ASS LE PASSE JARDINS
185,ASS LYON DEVENUS SOURDS ET MALENTENDANTS
186,ASS LYONNAISE D INGENIERIE SOCIAL
187,ASS MULTI SERVICES DEVELOPPEMENT
188,ASS NATIONAL EDUCATION PERMANENTE ADULTE
189,ASS OFFICIERS RESERVE DE LYON
190,ASS PATRIMOINE MILITAIRE DE LYON ET SA REGION
191,ASS PATRONAGE INSTITUT REGTIONAL SOURS AVEUGLES DE MARSEILLE
192,ASS PATRONAGE LAIQUE HERRIOT MERMOZ
193,ASS POUR GESTION CENTRE SOCIAL GERLAND
194,ASS POUR LA DIFFUSION SCIENTIFIQUE ET L'AIDE ASSOC
195,ASS POUR LE DEVELOPPEMENT LOCAL
196,ASS POUR PROMOTION DU CERTA
197,ASS REGIONALE DES TSIGANES ET DE LEUR AMIS GADJE
198,ASS RHONE ALPES FAMILIAUX REF
199,ASS SCOLAIRE NOTRE DAME BON CONSEIL
200,ASS SCOP ENTREP UNION REG RHONE ALPES
201,ASS SPORT DANS LA VILLE
202,ASS SPORTIVE CHAVANT FAURE
203,ASS SPORTIVE DES CHINOIS D'OUTRE-MER A LYON
204,ASS SPORTIVE ET CULTURELLE FRANCOISE HERITIER
205,ASS SPORTIVE SCOLAIRE ALIX
206,ASS SPORTIVE SCOLAIRE JULES VERNE
207,ASS SPORTIVE SCOLAIRE TISSOT
208,ASS SPORTIVE UNIV LYON VAUX EN VELIN
209,ASS TAEKWONDO CLUB DU PARC
210,ASS TANDEM CLUB RHODANIEN
211,ASS VILLEURBANNAISE DROIT AU LOGEMENT
212,ASS.NAT.COMMUNES POUR MAITRISE DES RISQUES TECHNOLOG.MAJEURS
213,ASSEMBLEE ARTISTIQUE DES DIVERSITES NUMERIQUES
214,ASSISESPORTIVE
215,ASSO CENTRE SOCIAL SAUVEGARDE
216,ASSO DE PROMOTION D'UNE FABRIQUE DES TRANSITIONS
217,ASSO DEPARTEMENTALE INFORMATION LOGEMENT
218,ASSO DU SERVICE RÉGIONAL DE POLICE JUDICIAIRE LYON
219,ASSO LE CHAINON MANQUANT
220,ASSO LYONNAISE DE FOOTBALL AUSTRALIEN LIONS
221,ASSO SPORTIVE FOYERS DES SOURDS DE LYON
222,ASSO SPORTIVE SCOLAIRE J MERMOZ
223,ASSO. SOUTIEN FONDATION DES FEMMES
224,ASSOC ASTREE
225,ASSOC BOULISTE CENTRE DUCHERE
226,ASSOC DEP DEVELOPP EMPLOI AGRICOLE RURAL
227,ASSOC LYON BIOPOLE
228,ASSOC PERSONNES EN SITUATION DE HANDICAP NEUROMOTEUR ET LEUR FAMILLE
229,ASSOCIATION  BIBLIOTHEQUES D HOPITAUX LYON REGION
230,ASSOCIATION A LA RECHERCHE FOLKLORE IMAGINAIRE
231,ASSOCIATION AAA DU LYONNAIS - MR JULIEN VINAY
232,ASSOCIATION ACTE
233,ASSOCIATION ALBERT LAURENT
234,ASSOCIATION ALWANE
235,ASSOCIATION BARABAN TAEKWONDO
236,ASSOCIATION BIBLIOTAKEAIR
237,ASSOCIATION CARRE 6 BROTTEAUX
238,ASSOCIATION CELESTINE
239,ASSOCIATION CHEF MENTEUR
240,ASSOCIATION CHEVREUL & CO
241,ASSOCIATION CSF SECTION CHAMPVERT
242,ASSOCIATION DE L HOTEL SOCIAL
243,ASSOCIATION DE L HOTEL SOCIAL - SIEGE
244,ASSOCIATION DE L INSTITUTION ST JOSEPH
245,ASSOCIATION DE LA RESIDENCE RINCK
246,ASSOCIATION DE PREFIGURATION DE LA CITE INTERNATIONALE
247,ASSOCIATION DES  JARDINS OUVRIERS COMMUNAUX LYON
248,ASSOCIATION DES BURKINABES DE LYON
249,ASSOCIATION DES CADETS DE LA GENDARMERIE NATIONALE
250,ASSOCIATION DES CENTRES SOCIAUX ET CULTURELS DE MEYZIEU
251,ASSOCIATION DES COMMERCANTS SAXE SAINT POTHIN
252,ASSOCIATION DES ESPECES PARMI LYON
253,ASSOCIATION DES PENTES SPORTIVES ET CULTURELLES
254,ASSOCIATION DES RESCAPES DE MONTLUC
255,ASSOCIATION DIALOGUE ORIENTATION SCOLAIRE
256,ASSOCIATION ENVIE RHONE ALPES
257,ASSOCIATION FAMILIALE SAINTE-MARIE LYON
258,ASSOCIATION FAMILIALE ST THOMAS D'AQUIN
259,ASSOCIATION FONDATION ETUDIANTE POUR LA VILLE (AFEV)
260,ASSOCIATION FORMATION ET INGENIERIE
261,ASSOCIATION GESTION CENTRE SOCIAL BONNEFOI
262,ASSOCIATION GESTION VILLA GILLET
263,ASSOCIATION HELIX
264,ASSOCIATION HF
265,ASSOCIATION INSERTION  DEV EMPLOIS NOUVEAUX
266,ASSOCIATION INSERTION DÉVELOPT EMPLOIS NOUVEAUX
267,ASSOCIATION INSERTION EMPLOI SERVICES
268,ASSOCIATION INTERMEDIAIRE ICARE
269,ASSOCIATION JEUNES AMBASSADEURS
270,ASSOCIATION JEUNES ETUDIANTS GUINEENS DU RHONE
271,ASSOCIATION LA MAISON
272,ASSOCIATION LAIQUE GERLAND LA MOUCHE ALGM
273,ASSOCIATION LALYRE
274,ASSOCIATION LAMARTINE
275,ASSOCIATION LE MAS
276,ASSOCIATION LES ENFANTS DU TARMAC
277,ASSOCIATION LIEUX NUMERIQUES
278,ASSOCIATION LIRE A BRON
279,ASSOCIATION LYF
280,ASSOCIATION LYON 7 RIVE GAUCHE
281,ASSOCIATION LYON LA DUCHERE
282,ASSOCIATION LYON SANTE EDUCATION ALYSE CC
283,ASSOCIATION LYON SANTE EDUCATION CHARDONNET CC
284,ASSOCIATION LYONNAISE DE GESTION D ETABLISSEMENTS POUR PERSONNES
285,ASSOCIATION LYONNAISE DE SANTE MENTALE
286,ASSOCIATION LYONNAISE NOUVELLE D ECOUTE ET D ACCOMPAGNEMENT
287,ASSOCIATION MA
288,ASSOCIATION MAISON DE LORETTE
289,ASSOCIATION MEDIATION LYON (AMELY)
290,ASSOCIATION MILLE FEUILLES
291,ASSOCIATION MUSIC'LY
292,ASSOCIATION MUSICALE D'IRIGNY
293,ASSOCIATION PEPINIERE CAP NORD
294,ASSOCIATION POLE EN SCENES
295,ASSOCIATION POLE PIXEL
296,ASSOCIATION POLYDOM AIDE
297,ASSOCIATION POUR LA GESTION ET L ANIMATION DU CENTRE SOCIO CULTUREL
298,ASSOCIATION PRATIQUE
299,ASSOCIATION QUARTIER AUGUSTE COMTE
300,ASSOCIATION REGIONALE DES TSIGANES ET DE LEURS AMIS GADJE
301,ASSOCIATION REUSSIR L INSERTION A BRON
302,ASSOCIATION SAINT IRENEE DES CHARTREUX
303,ASSOCIATION SAINT MARC D EDUCATION CHRETIENNE
304,ASSOCIATION SAN PRIOTE POUR L INSERTION PAR L EMPLOI
305,ASSOCIATION SCICABULLE
306,ASSOCIATION SCOLAIRE CAVENNE
307,ASSOCIATION SCOLAIRE MATERNELLE CAVENNE
308,ASSOCIATION SOLIDARITE AFRIQUE
309,ASSOCIATION SPORTIVE ANATOLE FRANCE
310,ASSOCIATION SPORTIVE ANTOINE CHARIAL
311,ASSOCIATION SPORTIVE BELLECOUR PERRACHE
312,ASSOCIATION SPORTIVE CONFLUENCE
313,ASSOCIATION SPORTIVE D'AVENIR
314,ASSOCIATION SPORTIVE DE LA POLICE LYONNAISE
315,ASSOCIATION SPORTIVE DE MONCHAT
316,ASSOCIATION SPORTIVE DE TENNIS DE TABLE LYON 6EME
317,ASSOCIATION SPORTIVE DUCHERE BASKET
318,ASSOCIATION SPORTIVE ET CULTURELLE DE L'ISARA-LYON
319,ASSOCIATION SPORTIVE MONCEY GARIBALDI
320,ASSOCIATION SPORTIVE SCOLAIRE JEAN MERMOZ
321,ASSOCIATION SPORTIVE SCOLAIRE LES FOUGERES
322,ASSOCIATION SPORTIVE UNIVERSITAIRE LYONNAISE
323,ASSOCIATION SPORTIVE VILLEURBANNE EST LYON BASKET
324,ASSOCIATION TAKA MOUV
325,ASSOCIATION TECHTERA
326,ASSOCIATION TREMPLIN
327,ASSOCIATION VEIL FRATERNITE
328,ASUL KARATE
329,ASUL LYON 3 BASKET
330,ASUL LYON 8
331,ASUL LYON VOLLEY BALL
332,ASUL ULTIMATE
333,ATD QUART MONDE LYON
334,ATELIER EMMAUS
335,ATMO AUVERGNE RHONE ALPES
336,AU JARDIN DE SOI
337,AU PLAISIR DE TOUS
338,AU TAMBOUR
339,AU46
340,AUTISME REPIT EMPLOI VACANCES AIDES LOGEMENT
341,AUTRE CERCLE RHONE ALPES
342,AVEC
343,AVENIR SANTE FRANCE
344,AVF LYON RHONE
345,AVIAM RHONE ALPES
346,AVIRON CLUB LYON CALUIRE
347,AVIRON UNION NAUTIQUE DE LYON
348,AWAL GRAND LYON
349,AXELERA
350,AXENTIA
351,BABY NURSERY
352,BADMINTON CLUB DE LYON
353,BAGAGE'RUE
354,BAILA CONMIGO
355,BALISES
356,BALLET COSMIQUE
357,BAMBOU BALANCE HARMONIE ET MOUVEMENT
358,BANQUE ALIMENTAIRE DU RHONE
359,BASILIADE
360,BASKET BALL DU 5EME BB5
361,BASKET CRO LYON
362,BASKET LOISIR DES BATTIERES
363,BASTON
364,BATIGERE RHONE ALPES
365,BATIGERE RHONE ALPES SOCIETE ANONYME D HABITATIONS A LOYER MO
366,BDE TOUT'IAE
367,BEAUMARCHAIS BASKET LYON METROPOLE
368,BECOMTECH
369,BELLEBOUFFE
370,BERRETIN-TANGO&MUSIQUE
371,BIDOUILLES ET MAGOUILLES ASSOCIATION
372,BIENS FRANCAIS DU PATRIMOINE MONDIAL UNESCO
373,BIS ET COMPAGNIE ATTRACTION THEATRE ET CINEMA
374,BOCUSE D'OR WINNERS
375,BOULE RAVAT CONFLUENCE
376,BOURSE DU TRAVAIL
377,BOXING LYON UNITED
378,BRIGADES NATURE RHONE
379,BRINS DE VOIX
380,BROCHIER TECHNOLOGIES
381,BRON VERTICAL
382,BUBBLE ART
383,BUREAU DES ARTS ECAM LYON
384,BUREAU DES ETUDIANTS ESTRI
385,CA PRESSE
386,CABESTAN
387,CABIRIA
388,CADET BRETELLE
389,CAISSE D ALLOCATIONS FAMILIALES DU RHONE
390,CANOE KAYAK LYON OULLINS MULATIERE
391,CANUTOUCH LYON
392,CAP SERVICES
393,CAP SUR LE RHONE
394,CAPUCINE
395,CARA AUVERGNES-RHONE-ALPES
396,CARACOL
397,CARGO
398,CARPA COLLECTIF ASSOC RHONE POUR ACCESSIBILITE
399,CARRE ROOSEVELT LYON RIVE GAUCHE
400,CART A CHANTER CROIX ROUSSE
401,CARTON
402,CAUE DU RHONE
403,CAVAILLE COLL A SAINT FRANCOIS
404,CCI FRANCE ISRAEL RHONE ALPES
405,CDC HABITAT SOCIAL SA H.L.M
406,CDC HABITAT SOCIAL SOCIETE ANONYME D'HABITATIONS A LOYER MODERE
407,CEELSPS
408,CENTRE 9 C EST NEUF
409,CENTRE CULTUREL OECUMENIQUE JEAN PIERRE LACHAIZE
410,CENTRE D ANIMATION SAINT JEAN
411,CENTRE D INFORMATION SUR LES DROITS DES FEMMES ET DES FAMILLES RHONE
412,CENTRE DE LA VOIX RHONE ALPES LES PASSERELLES
413,CENTRE FAMILLE ET MEDIATION
414,CENTRE HOSPITALIER DU VINATIER
415,CENTRE LEON BERARD
416,CENTRE LESBIEN GAI BI TRANS ET INTERSEXE LYON
417,CENTRE MEDICO SOCIAL LA FERRANDIERE
418,CENTRE MUSICAL ET ARTISTIQUE
419,CENTRE R C DEP CANCERS R AUV RHONE ALPES
420,CENTRE SOCIAL AU GRAND VIRE
421,CENTRE SOCIAL CULTUREL ARC EN CIEL
422,CENTRE SOCIAL DE CHAMPVERT
423,CENTRE SOCIAL DE CUSSET
424,CENTRE SOCIAL DE L  OLIVIER
425,CENTRE SOCIAL DE LA BERTHAUDIERE
426,CENTRE SOCIAL DE PARILLY
427,CENTRE SOCIAL DE SAINT JUST
428,CENTRE SOCIAL DES ETATS UNIS
429,CENTRE SOCIAL DU POINT DU JOUR
430,CENTRE SOCIAL DUCHERE PLATEAU RENE MAUGIUS
431,CENTRE SOCIAL ET CULTUREL J ET J PEYRI
432,CENTRE SOCIAL ET CULTUREL PIERRETTE AUGIER
433,CENTRE SOCIAL ET FAMILIAL
434,CENTRE SOCIAL ET SOCIOCULTUREL DE GERLAND
435,CENTRE SOCIAL ET SOCIOCULTUREL LES TAILLIS
436,CENTRE SOCIAL GEORGES LEVY
437,CENTRE SOCIAL GERARD PHILIPE
438,CENTRE SOCIAL LA SAUVEGARDE
439,CENTRE SOCIAL LAENNEC
440,CENTRE SOCIAL POINT DU JOUR
441,CENTRE SOCIAUX GIVORS
442,CENTRES SOCIAUX CULTURELS MULATIERE
443,CENTRES SOCIAUX DES MINGUETTES
444,CENTRES SOCIAUX SANTY-MERMOZ
445,CERCLE BELLECOMBE LYON
446,CERCLE BOULISTE DU POINT DU JOUR
447,CERCLE DE L AVIRON DE LYON
448,CERCLE DE LA VOILE DE LYON
449,CERCLE DES CHEFS D ATELIER
450,CERCLE LAIQUE A REMOND
451,CERCLE LYONNAIS DES SOURDS CLUB SENIORS
452,CERCLE UNION DEMOCRATIQUE ET SOCIALE DU 1ER
453,CHAMBRE REGIONALE DE L ECONOMIE SOCIALE ET SOLIDAIRE AUVERGNE RHONE
454,CHAMBRE REGIONALE ECONOMIE SOCIALE
455,CHANTE ET TAIS-TOI!
456,CHARITE-BELLECOUR
457,CHATHA
458,CHEVREFEUILLE LOISIRS
459,CHOEUR UNIVERSITAIRE MIXTE DE LYON
460,CHRYSALIDE
461,CHUAN TONG INTERNATIONAL
462,CIDFF
463,CIE ALBERT CLAQUEMURE
464,CIE DE DANSE HALLET EGHAYAN
465,CIE FROTTER FRAPPER
466,CIE MARINIERE SAUVETAGE LA MOUCHE
467,CIE PRUNE & MELCHIOR
468,CIMADE
469,CINE DUCHERE
470,CITE ANTHROPOCENE
471,CJNG MAISON MA BILLE
472,CLAN SPELEO DU TROGLODYTE
473,CLASS FSGT
474,CLLAJ COM LOC LOGEM AUTON JEUNES
475,CLUB ALPIN FRANCAIS DE LYON VILLEURBANNE
476,CLUB AMITIE ET NATURE LYON
477,CLUB D'ULTIMATE DES GONES
478,CLUB DE PLONGEE AQUARIUS
479,CLUB DES SPORTS DE GLACE DE LYON
480,CLUB DU 1ER POUR L AMITIE
481,CLUB LYON KYOKUSHINKAI
482,CLUB OMNISPORT DE LYON
483,CLUB OMNISPORTS
484,CLUB RHODIA VAISE
485,CLUB SPORTIF CHARCOT
486,CLUB SPORTIF LYON 8
487,CLUSTER LUMIERE
488,CO NAISSANCES
489,COCON DE L OUEST
490,CODEP EPVG RHONE METROPOLE DE LYON
491,CODERS 69
492,COIN COIN PRODUCTIONS
493,COLIN MAILLARD
494,COLLECTIF AR
495,COLLECTIF DES FLOUS FURIEUX
496,COLLECTIF ES
497,COLLECTIF ITEM
498,COLLECTIF LE BLEU D ARMAND
499,COLLECTIF LES INDECIS
500,COLLECTIF LIBRATIONS
501,COLLECTIF LOGEMENT RHONE
502,COLLECTIF ME TOO LYON
503,COLLECTIF PINCE OREILLES
504,COM DEP LIAISON ASS ANC COMBATTANTS
505,COM EXPRESSION
506,COMITE BOULISTE DEPARTEMENTAL DU RHONE
507,COMITE D ENTRAIDE AUX FRANCAIS RAPATRIES/FRANCE HORIZON
508,COMITE DEP LIGUE NAT CONTRE LE CANCER
509,COMITE DEPART SPORT ADAPTE RHONE
510,COMITE DEPARTEMENTAL DE NATATION DU RHONE METROPOL
511,COMITE DEPARTEMENTAL DU RHONE FSCF
512,COMITE DEPARTEMENTAL DU SPORT ADAPTE DU RHONE METROPOLE DE LYON
513,COMITE DEPARTEMENTAL OLYMPIQUE ET SPORTIF RHONE METROPOLE DE LYON
514,COMITE DEPARTEMENTAL RHONE ET METROPOLE DE LYON DE RUGBY A XIII
515,COMITE DEPARTEMENTALE COURSE ORIENTATION
516,COMITE DEPT ATHLETISME DU RHONE METROPOLE LYON
517,COMITE DES COMMERCANTS DU COURS GAMBETTA
518,COMITE DES FETES DE MONPLAISIR
519,COMITE DES LOISIRS RESIDENCE SARRAZIN
520,COMITE FRANCAIS POUR L'UNICEF
521,COMITE LOCAL POUR LE LOGEMENT AUTONOME DES JEUNES DE LYON
522,COMITE LOUIS BRAILLE
523,COMITE OEUVRES SOCIALES LYON
524,COMITE PROTESTANT DE LA DUCHERE
525,COMITE RHONE HANDISPORT
526,COMITE RHONE METROPOLE DE LYON DE TENNIS
527,COMITE SOCIAL DU PERSONNEL DE LA METROPOLE LYONNAISE DE SES COLLECTIVI
528,COMITE UNION SPORTIVE ENSEIGNEMENT 1ER DEGRE DU RHONE & MET LYON
529,COMME LES AUTRES
530,COMMERCANTS DES HALLES DE LYON PAUL BOCUSE
531,COMPAGNIE 126 KILOS
532,COMPAGNIE ANTEPRIMA
533,COMPAGNIE AU DELA DU BLEU
534,COMPAGNIE BRUNO BOEGLIN
535,COMPAGNIE CASSANDRE
536,COMPAGNIE DE ONZE A TROIS HEURES
537,COMPAGNIE DES INCARNÉS
538,COMPAGNIE DU BONHOMME
539,COMPAGNIE DU GAI SAVOIR
540,COMPAGNIE DU SUBTERFUGE
541,COMPAGNIE ENTRELAS KONCEPT
542,COMPAGNIE GET OUT
543,COMPAGNIE GIROUETTE
544,COMPAGNIE KADIA FARAUX
545,COMPAGNIE LA CHAMBRE NOIRE
546,COMPAGNIE LA GUERITA
547,COMPAGNIE LA ROUQUINE
548,COMPAGNIE LA STICOMISS
549,COMPAGNIE LES MAINS LES PIEDS ET LA TETE AUSSI
550,COMPAGNIE LES MONTURES DU TEMPS
551,COMPAGNIE LES NON ALIGNES
552,COMPAGNIE MAGUY MARIN
553,COMPAGNIE NEUVE
554,COMPAGNIE ODE MELODIQUE
555,COMPAGNIE ON OFF
556,COMPAGNIE OXYMORE
557,COMPAGNIE PANIER PIANO
558,COMPAGNIE PROPOS
559,COMPAGNIE REVASSONS
560,COMPAGNIE REVE DE SINGE
561,COMPAGNIE STYLISTIK
562,COMPAGNIE THESPIS
563,COMPAGNIE UGOKI
564,COMPAGNIE Y
565,COMPAGNONS BATISSEURS RHONE ALPES
566,CONCOURS INTERNAT MUSIQUE CHAMBRE LYON
567,CONFEDERATION NAT LOGEM FEDERATION RHO
568,CONFEDERATION SYNDICALE DES FAMILLES
569,CONSCIENCE ET IMPACT ECOLOGIQUE.
570,CONSERVATOIRE RHONE ALPES ESPACES NATURELS
571,CONVENTION GYMNIQUE DE LYON
572,COOP SCOLAIRE COMBE BLANCHE MATERNELLE
573,COOPAWATT ASSOCIATION
574,COOPAWATT SCOP
575,COORDINATION DES STRUCTURES D'APPUI A LA VIE
576,COORDINATION LYONNAISE ASSOCIATIONS SOURDS
577,COORDINATION URGENCE MIGRANTS
578,COPROPRIETE
579,COPROPRIETE ARPEGE
580,COPROPRIETE LE PETIT SAINTE FOY
581,COPROPRIETE MONTRIBLOUD
582,CORPS AU BORD
583,COSMOLYON
584,COUFFIN COUFFINE
585,COUFFIN COUFFINE - COUFFIN COUFFINE EC
586,COUFFIN COUFFINE MC
587,COUP DE POUCE RELAIS
588,COUP DE SOLEIL EN RHONE ALPES
589,COUPLES ET FAMILLES
590,COURIR A LA CATASTROPHE CALC
591,CPME RHONE
592,CRA P
593,CRECHE PARENTALE LES P'TITS BOUTS
594,CRECHE SAINT BERNARD - MELBA  PISTACHES EC
595,CRECHE SAINT BERNARD - MELBA EF
596,CRECHE SAINT BERNARD - MELBA MYRTILLES HG
597,CRECHE SAINT BERNARD BOULEVARD EAJE
598,CRECHE SAINT BERNARD VAUCANSON EAJE
599,CRECHE ST BERNARD
600,CRF ARLEQUIN
601,CRIAS
602,CRIAS (CENTRE  REGIONAL D'INFORMATION POUR L'AGIR SOLIDAIRE)
603,CRIJ CENTRE REGIONAL INFORMATION JEUNESSE
604,CRIJ RHONE ALPES
605,CRO LYON SECTION BOULES
606,CROIX ROUGE FRANCAISE
607,CROIX ROUGE FRANCAISE CHRYSALIDE
608,CROIX ROUGE FRANCAISE LA RONDE DES COLIBRIS
609,CROIX ROUGE FRANCAISE LES COCCINELLES
610,CROIX ROUGE FRANCAISE LES OURSONS MC
611,CROIX ROUGE FRANCAISE LES P TITS PAS
612,CROIX ROUGE FRANCAISE OURSONS ET COMPAGNIE
613,CROIX ROUGE FRANCAISE PIERROT ET COLOMBINE
614,CROIX ROUGE FRANCAISE SAVOIE LAMARTINE
615,CROIX ROUSSE TAEKWONDO ASSOCIATION
616,CS DE LA CROIX ROUSSE
617,CTRE CULT SPORTIF PATRON LAIQUE V P BERT
618,CTRE MUSIQUES TRADITIONNELLES RA
619,CTRE RESSOURCES BOTANIQUE APPLIQUEE
620,CUIVRES DIFFUSION ODYSSEE
621,CULTURE EDUCATION FORMATION INDIVIDUALISEE
622,CUMA DE POLLIONNAY
623,DA TI SENI
624,DAHLIR
625,DELASTRE ET ASSOCIES
626,DELICE ASSOCIATION
627,DELTRANS
628,DES ERABLES A VELO
629,DES FESTIVALS DE CINEMA CONNEXION
630,DESOBLIQUE
631,DIALOGUES EN PHOTOGRAPHIE
632,DIDIERLAURENT JEAN FRANCOIS
633,DIGITAL LEAGUE
634,DISPENSAIRE VETERINAIRE ETUDIANT DE LYON
635,DISTRICT LYON RHONE FOOTBALL
636,DITES 33
637,DOCUMENTS D ARTISTES RHONE ALPES
638,DOJEON TAEKWONDO LYON
639,DOJO ANSHIN ARTS MARTIAUX
640,DOJO OLYMPIC
641,DOLUS ET DOLUS
642,DONNEURS DE VOIX BIBLIOTH SONORE
643,DOPP FICTION
644,DUR ET DOUX
645,E GRAINE LYON
646,EASYROLLER LE ROLLER POUR TOUS
647,EAU BIEN COMMUN LYON METROPOLE
648,EAU DYSSEE
649,EBULLISCIENCE
650,ECHANGES RHONE-ALPES AUVERGNE PALESTINE
651,ECLAIR LYON 9
652,ECLAIREUSES ECLAIREURS DE FRANCE
653,ECO-COUTURE
654,ECOLE DE KRAV OPERATIONNEL ET PROFESSIONNEL 69
655,ECOLE DE LA DEUXIEME CHANCE RHONE LYON METROPOLE
656,ECOLE DE MUSIQUE DE ST RAMBERT
657,ECOLE DE MUSIQUE DE TASSIN LA DEMI-LUNE
658,ECOLE DE MUSIQUE DU 7EME ( EM7)
659,ECOLE DE MUSIQUE ET HARMONIE DECINOISE
660,ECOLE DE MUSIQUE GUY CANDELORO
661,ECOLE DEUXIEME CHANCE RHONE LYON METROPOLE
662,ECOLE GALLIENI REEDUCATION
663,ECOLE LYONNAISE DES CUIVRES
664,ECOLE PRIM JULIE VICTOIRE DAUBIE OCCE
665,ECOLE PRIMAIRE AIME CESAIRE OCCE
666,ECOLE PRIMAIRE DIDEROT OCCE
667,ECOLE WILLEMS RYMEA
668,ECOSILA
669,ECRANS MIXTES
670,EDAPE
671,EGPE LYON RHONE
672,ELAN CLUB SPORTIF LYON 8E
673,ELAN DE LYON
674,ELAN GYMNIQUE DE LYON
675,ELANTIEL
676,ELEMENTAIRE JEAN MACE CLUB SPORTIF GENERAL ANDRE
677,ELEMENTAIRE ROBERT DOISNEAU OCCE
678,ELSHOPO
679,ELYCOOP
680,EMELTHEE
681,EMMAUS CONNECT
682,EN ACTE(S)
683,ENEDIS SAINT ETIENNE
684,ENGAGE E S ET DETERMINE E S
685,ENSATT
686,ENSEIGNANTS MATERNELLE TISSOT
687,ENSEMBLE ALKYMIA
688,ENSEMBLE CELADON
689,ENSEMBLE DE MUSIQUE VOCALE A CAPELLA TARENTULE
690,ENSEMBLE ORCHESTRAL DE LYON 9EME
691,ENSEMBLE SEQUENZA
692,ENTENTE SPORTIVE DEP PREFECTURE DU RHONE
693,ENTOUR'AGE SOLIDAIRE
694,ENTOURAGE
695,ENTR AIDE DANS LE 5E
696,ENTRAIDE PIERRE VALDO
697,ENTRAIDE PROTESTANTE DE LYON
698,ENTRAIDE SCOLAIRE AMICALE
699,ENTRE2TOITS
700,ENTREPRENDRE POUR APPRENDRE AUVERGNE RHONE ALPES
701,ENTREPRENDRE POUR HUMANISER LA DEPENDANCE EHD
702,ENTREPRENEURS DU MONDE
703,ENVIE AUTONOMIE RHONE ALPES
704,ENVIE D UN SOURIRE
705,ENVIE PARTAGEE
706,ENVIE SUD EST
707,EOLE AUVERGNE RHONE ALPES
708,EPI CENTRE EPICERIE SOLIDAIRE ET SOCIALE
709,EQUATOR CULTURE
710,EQUIPES SAINT VINCENT
711,ERILIA
712,ERIS
713,ESCALE CREATION
714,ESPACE  6 MJC
715,ESPACE 44
716,ESPACE AIKIDO
717,ESPACE CARCO PEPINIERE D ENTREPRISES
718,ESPACE CREATEUR DE SOLIDARITES
719,ESPACE CULTUREL CHRISTIANISME A LYON
720,ESPACE NUMERIQUE ENTREPRISES
721,ESPACE SENIORS DUCHERE
722,ESPERANCE SAINTE BLANDINE BASKET
723,ESPERANCE STE BLANDINE GYMNASTIQUE
724,ESTIME
725,ETOILE CYCLISTE LYON MONPLAISIR
726,ETOILE SPORTIVE TRINITE
727,EUREQUA
728,EVEIL DE LYON
729,EVEIL MATINS
730,EVEIL MATINS - EVEIL MATINS CRECHE
731,EVEIL MATINS - STRUCTURE SIXIEME EVEIL
732,EVEIL MATINS BULLE D EVEIL EAJE
733,EXPERIMENTATION TERRITORIALE CONTRE LE CHOMAGE DE LONGUE DUREE
734,FACE GRAND LYON
735,FAF APRIDEV RHONE ALPES
736,FAMILYA LYON
737,FASO MONDE
738,FC LYON ASVEL FEMININ
739,FC LYON FOOTBALL
740,FC2E FORMATION
741,FED AMICALES REGIM ANC COMBATTANTS
742,FED DEPART ASS PECHE PISCICULT
743,FEDERATION  DU  RHONE PECHE
744,FEDERATION CHEER UP
745,FEDERATION DES CENTRES SOCIAUX DU RHONE
746,FEDERATION DES OEUVRES LAIQUES DU RHONE
747,FEDERATION FR TAEKWONDO & DISCIPLINES ASS
748,FEDERATION OEUVRES LAIQUES RHONE
749,FEMMES BATTANTES
750,FEMMES CINEMA EGALITE
751,FEMMES CONTRE LES INTEGRISMES
752,FEMMES ET SCIENCES
753,FEMMES SOLIDAIRES DU RHONE
754,FERS (FONDATION ENTREPRISE REUSSITE)
755,FETE LE MUR
756,FIBOIS 69
757,FIDEV
758,FIEVRE
759,FIJI AUVERGNE RHONE ALPES
760,FILACTIONS
761,FILIGRANE ACTION ARTISTIQUE ET LANGUE FRANCAISE
762,FILS DE CREA
763,FNACA CENTRE DEPARTEMENT DU RHONE
764,FNATH GROUPEMENT DU RHONE
765,FONCIA LYON
766,FONCIERE D HABITAT ET HUMANISME
767,FONDATION ACTION ET RECHERCHE HANDICAP ET SANTE MENTALE
768,FONDATION ARALIS
769,FONDATION ARMEE DU SALUT
770,FONDATION ARMEE DU SALUT ARCHE DE NOE
771,FONDATION D AUTEUIL CFC RHONE ALPES AMEJ
772,FONDATION DANIELLE MITTERRAND
773,FONDATION DE L ARMEE DU SALUT
774,FONDATION DE LA CITE RAMBAUD
775,FONDATION DISPENSAIRE GENERAL DE LYON
776,FONDATION FOURVIERE
777,FONDATION INNOVATION ET TRANSITIONS
778,FONDATION LA MACHE
779,FONDATION RICHARD
780,FONJEP
781,FOODSWEETFOOD
782,FOOTBALL CLUB CROIX ROUSSIEN
783,FOOTBALL CLUB DE GERLAND
784,FOOTBALL CLUB DU POINT DU JOUR
785,FOOTBALL CLUB LYON ASVEL FEMININ
786,FOOTBALL ECOLOGIE FRANCE
787,FOOTBALL EDUCATIF LYON
788,FORT EN SPORT
789,FORUM REFUGIES COSI
790,FOUGOU FOUGOU
791,FOYER NOTRE DAME DES SANS ABRI
792,FOYER RESTAURANT LE COLOMBIER
793,FRANCE ALZHEIMER RHONE
794,FRANCE BENEVOLAT LYON RHONE
795,FRANCE ETHIOPIE CORNE DE L AFRIQUE
796,FRANCE LIBERTES FOND D. MITTERRAND
797,FRANCE NATURE ENVIR RHONE
798,FRANCE NATURE ENVIRONNEMENT RHONE ET METROPOLE DE LYON
799,FREDERIC CHOPIN DE LYON
800,FREQUENCE ECOLES
801,FRISSE
802,FSU 69 FEDERATION SYNDICALE UNITAIR
803,GAEC DES EAUX BLEUES
804,GAIA LYON
805,GALERIE LE REVERBERE 2
806,GALERIE TATOR
807,GAMS RHONE ALPES
808,GEM PARTAGE
809,GENERATION LUMIERE
810,GERARD MAIRE
811,GERIMMO
812,GERLAND COMMERCES
813,GERM36
814,GEST.FIC.COMMUN DEMANDE LOC.SOC.DU RHONE
815,GESTION CENTRE SOCIAL CROIX ROUSSE
816,GESTION CENTRE SOCIAL DE RILLIEUX
817,GESTION CENTRE SOCIAL DES BUERS
818,GESTION CPCT LYON
819,GIHP  RHONE ALPES
820,GOETHE INSTITUT LYON
821,GONES FORCE 6
822,GPE DE DANSES ET CHANTS FOLKLO BULGARES OT IZVORA
823,GPE RECHERCHE RHONE ALPES INFRASTR EAU
824,GPT DEFENSE SANITAIRE DU BETAIL DU RHONE
825,GPT EPICERIES SOLIDAIRES RHONE ALPES
826,GRAINE D EMPLOIS
827,GRAINES DE LAIT
828,GRAINES DE SOL
829,GRAINES URBAINES
830,GRAME
831,GRAND BUREAU
832,GRAND ENSEMBLE
833,GRAND LARGUE LYON
834,GRAND PRIX INTERNATIONAL DE PIANO DE LYON
835,GRAP GROUPEMENT RÉGIONAL ALIMENTAIRE DE PROXIMITÉ
836,GRAP SCOP
837,GRIBOUILLE LYON MASSIMI
838,GROUPE CAL
839,GROUPE FANTOMAS
840,GROUPE RECHERCHE EMPLOI PROBATIONNAIRES
841,GROUPE SCALPEL
842,GROUPE SPELEOLOGIQUE VULCAIN
843,GROUPEMENT DE COOPERATION SOCIALE ET MEDICO SOCIALE
844,GRPT RECHERCHE EMPLOI PROBATIONN
845,GV  BELLECOUR AINAY
846,GV GYMFIZZ
847,GYM LYON METROPOLE
848,GYMNASTIQUE VOLONT PERRACHE BAYARD
849,GYMNASTIQUE VOLONTAIRE FAYOLLE
850,GYMNASTIQUE VOLONTAIRE PART-DIEU
851,HABITAT ET HUMANISME SOIN
852,HALTERO CLUB LYONNAIS ASSOCIATION
853,HANDBALL CLUB DE LYON
854,HANDI LYON RHONE
855,HANDISPORT LYONNAIS
856,HAPOEL LYON
857,HARMONIE MONTCHAT MONPLAISIR
858,HAUT PARLEUR
859,HAUVOIE
860,HCL HOSPICES CIVILS DE LYON
861,HESPUL
862,HISTORICAL CITIES ORG
863,HOCKEY CLUB CHARCOT SAINTE FOY LES LYON
864,HOPITAL DE FOURVIERE
865,HORIZON PARRAINAGE
866,HOT CLUB DE LYON
867,HOTEL LE ROOSEVELT
868,HOTEL SOCIAL LA CHARADE - JACQUES PREVERT EMA
869,HUITIEME DIMENSION
870,HUNGSING KUNG-FU CLUB
871,I-CARE LAB AUVERGNE-RHONE-ALPES
872,IAAPAS
873,ICAM LYON
874,ICEBERGS
875,ICF HABITAT SUD EST MEDITERRANEE
876,ICF SUD EST MEDITERRANEE SA D HLM
877,IDEEHAUT
878,IDEO
879,IFRA INSTITUT FORMATION RHONE ALPES
880,ILE BARBE PETANQUE
881,ILOTOPIE LA COMPAGNIE
882,IMMOBILIERE RHONE ALPES SA D HLM
883,IMPACT - AGIR POUR PREVENIR LES VIOLENCES
884,IMPREVISIBLE FABRIQUE
885,IN VIVO COLLECTIF D EXPLORATION SCENIQUE
886,INITIATIVES ECONOMIE SOCIALE ET SOLIDAIRE
887,INITIATIVES POUR LE DEVELOPPEMENT D EMPLOIS ET D ORIENTATIONS
888,INLI'AURA
889,INNOVATION ET DEVELOPPEMENT
890,INSAVALOR
891,INSERTION - TROIS CLOCHERS
892,INSERTION TRAVAIL EMPLOIS MULTISERVICE
893,INST BIOFORCE DEVELOPP RHONE ALPES
894,INSTANCE REGIONALE D'EDUCATION PROMOTION SANTE AUV
895,INSTITUT DE KRAV MAGA
896,INSTITUT DES RISQUES MAJEURS IRMA
897,INSTITUT FORMATION RHONE ALPES
898,INSTITUT FRANCAIS CIVILISATION MUSULMANE
899,INSTITUT FRANCAIS DE CIVILISATION MUSULMANE
900,INSTITUT LUMIERE
901,INSTITUT LUMIERE POUR LE CINEMA ET L AUDIO VISUEL
902,INSTITUT MUSICAL METHODES ACTIVES DE LYON
903,INSTRUMENT ET TRAITEMENT ESSAIS SUR SITE SITES
904,INTER AIDE
905,INTERPOL
906,INUEE-LES RACCROCHEURS
907,ISARA
908,ITHAKO & CO
909,JANUS FRANCE
910,JARDIN D AINAY CRECHE COLLECTIVE
911,JARDIN DE LA COLLINE
912,JARDIN DES PART'AGES
913,JARDIN PARTAGE CHAMPVERDOYANT
914,JARDIN PARTAGE MONPLAISIR
915,JARRING EFFECTS LABEL
916,JAZZ A COURS ET A JARDINS
917,JAZZ ELLES LYON
918,JAZZ SUR LES PLACES
919,JEUNES MOTIVES DU VERGOIN
920,JEUNESSE ART CULTURE SPORT ET MEMOIRE
921,JEUNESSE AU PLEIN AIR
922,JOGO E MOVIMENTO
923,JOK'HER PRODUCTIONS
924,JOURNEE DE LA RESISTANCE
925,JUDO CLUB CROIX ROUSSIEN
926,JUDO CLUB GERLAND
927,KA FETE O MOME
928,KABUBU
929,KARAKIB
930,KARKARODON
931,KASTOR AGILE COMPAGNIE DE THEATRE
932,KEEP SMILING
933,KINDERTREFF
934,KINE PREVENTION AUVERGNE RHONE ALPES
935,KIOSQUE L ARCHE CENTRE SOCIAUX ECULLY
936,KOMAINU YOSAKOI LYON
937,KOMMET
938,KYNAROU
939,L ABEILLE BEUGLE
940,L ATELIER SOUDE
941,L AUTRE COTE DU MONDE PRODUCTION
942,L ECOLE D ANATOLE
943,L EPICERIE SEQUENTIELLE
944,L ESPOIR AINES
945,L INCUBATEUR LES PREMIERES AUVERGNE RHONE ALPES
946,L OASIS SANS SOUCI
947,L OLIVIER DES SAGES
948,L ORNITHORYNQUE
949,L OURS EN PELUCHE
950,L'ACADEMIE
951,L'ALLIANCE URGENCES
952,L'ASSOCIATION DU SUN TRIP
953,L'ATTRAPE COULEURS
954,L'EAU A LYON ET LA POMPE DE CORNOUAILLES
955,L'OUVRE PORTE
956,LA BERGERIE URBAINE
957,LA BF15
958,LA BIENNALE DE LYON
959,LA CHAP
960,LA CINE FABRIQUE ECOLE NAL CINEMA
961,LA CINE FABRIQUE ECOLE NATIONALE DE CINEMA MULTIMEDIA EN RHONE ALPES
962,LA CLOCHE
963,LA COLONIE BAKAKAI
964,LA COMPAGNIE D ARMES DE LYON
965,LA COMPAGNIE DU CHIEN JAUNE
966,LA COMPAGNIE DU SABIR
967,LA COMPAGNIE M A
968,LA CORDONNERIE
969,LA CRAVATE SOLIDAIRE LYON
970,LA DOUCE
971,LA FABRIQUE DE L HABITAT PARTICIPATIF
972,LA FEDERATION
973,LA FERME DE LA CROIX ROUSSE
974,LA FRATERNELLE DE PERRACHE
975,LA FRESQUE OCEANE
976,LA FRIPONNERIE
977,LA FRIPONNERIE - AU DIAPASON
978,LA FRIPONNERIE - PAIN D'EPICES
979,LA GAULOISE DE VAISE
980,LA GONETTE MLC - INDEMNITES DES ELUS
981,LA GRENADE
982,LA LEGUMERIE
983,LA LICORNE CROUSTILLANTE
984,LA LIGUE DU LYONNAIS D ESCRIME
985,LA MAISON DE LA DANSE
986,LA MARE A TOTO
987,LA MEUTE - THEATRE
988,LA MONTEE BONACHOUX
989,LA PAROLE DE
990,LA PAUSE BRINDILLE
991,LA PIRATERIE
992,LA POELE A GRATTER
993,LA PORTE OUVERTE DE LYON
994,LA POURSUITE
995,LA RAGE
996,LA RECRE ET COMPAGNIE
997,LA RENAISSANCE DU VIEUX LYON
998,LA RESOLUE
999,LA RIBAMBELLE
1000,LA RONDE FOLKLORIQUE
1001,LA SALLE DE BAINS
1002,LA SAUCE SINGULIERE
1003,LA SAUVAGE
1004,LA SECONDE TIGRE
1005,LA STRATEGIE ECHIQUEENNE
1006,LA TRIBU HERISSON
1007,LA VITRINE DES PENTES
1008,LA VOLIERE
1009,LABO CITES
1010,LAIQUE CROIX ROUSSE
1011,LALCA
1012,LALOUMA
1013,LANGUE  PENDUE
1014,LDIGITAL
1015,LE 44 LA MAISON DES PASSAGES
1016,LE BLEU DU CIEL
1017,LE BLOC OPERATOIRE
1018,LE BOOSTER DE SAINT JEAN
1019,LE CARREFOUR
1020,LE CENT SEPT
1021,LE CHAT BOTTE
1022,LE COCHON VOYAGEUR
1023,LE COEUR DU 7
1024,LE CONCERT DE L HOSTEL DIEU
1025,LE CRIIRAD
1026,LE CYCLOTOURISTE
1027,LE DIAMANT
1028,LE FENIL HIRSUTE
1029,LE GRAND NID DE POULE
1030,LE GRAND NULLE PART
1031,LE JARDIN COLLECTIF DU PRE SENSE
1032,LE LA(VOIR AU PUBLIC)
1033,LE LIEN THEATRE
1034,LE MAQUIS
1035,LE MAS
1036,LE MOUTARD
1037,LE P TIT PAINLEVE
1038,LE PARI SOLIDAIRE LYON
1039,LE PARLEMENT DES ETUDIANTS DE LYON
1040,LE PASSE JARDINS
1041,LE PASTEUR
1042,LE PATIO DES AINES
1043,LE PETIT MONDE ET L UNIVERS
1044,LE PIANO VAGABOND & COMPAGNIE
1045,LE POLARIS DE CORBAS CENTRE CULTUREL
1046,LE RESEAU RHONE AIN SAONE
1047,LE REVE EN COULEURS
1048,LE SAINT HUBERT
1049,LE SOURIRE DES AINES
1050,LE THEATRE DES ASPHODELES
1051,LE VALDOCCO
1052,LE VRACQUIER COLLECTIF THEATRAL
1053,LE XV DU BOUCHON
1054,LEO LAGRANGE CENTRE EST
1055,LEROCKEPAMORT
1056,LES 7 SOEURS
1057,LES AMIS DE CHARCOT
1058,LES AMIS DU 6E CONTINENT
1059,LES AMIS DU QUATUOR DEBUSSY
1060,LES ARCHERS DE LUGDUNUM VII
1061,LES ARCHERS DU 9EME
1062,LES ARTPENTEURS
1063,LES ATELIERS DU PRESENT
1064,LES AUDACIEUX
1065,LES BEBES BILINGUES
1066,LES BEBES DU VIEUX LYON LA BALEINE
1067,LES BISONS RAVIS
1068,LES BLOUSES ROSES
1069,LES CANUTS
1070,LES CHANTIERS MUSICAUX
1071,LES CHARMILLES
1072,LES CHATS DE LOYASSE
1073,LES CITES D OR
1074,LES CLES DE LA LUNE
1075,LES CONFLUENCES MUSICALES
1076,LES DAMES DE GERLAND
1077,LES DEBUTEUSES
1078,LES DEFRICHEURS DU ZENITH
1079,LES DRAGONS DE SAINT GEORGES
1080,LES ENFANTS D ATHENA
1081,LES ENFANTS DE LA COLLINE CRECHE PIROUETTE CC
1082,LES ENFANTS DE LA COLLINE CRECHE POPY CC
1083,LES ETATS EN FETES
1084,LES FOYERS MATTER
1085,LES FRANCAS DU RHONE
1086,LES FRERES D ARMES HONNEUR ET PATRIE
1087,LES GONES TROTTEURS
1088,LES GRANDS CONCERTS
1089,LES GRILLONS
1090,LES GROIX ROUSSIENS
1091,LES HERBES FOLLES
1092,LES INATTENDUS
1093,LES JARDINS DE LUCIE
1094,LES JARDINS DU CHATEAU
1095,LES JARDINS SUSPENDUS DE PERRACHE
1096,LES JOURNEES DE LYON DES AUTEURS DE THEATRE
1097,LES JOUTEURS DE LYON
1098,LES LEONCEAUX
1099,LES LIONS DE LYON SENSIBILISATION AU HANDICAP
1100,LES LIONS DU 8EME
1101,LES LIONS THAI
1102,LES LUCIOLES DE LYON
1103,LES MAISONS DES TOUTS PETITS
1104,LES MARGOUILLATS DE OUAGA
1105,LES MAUVAISES GRAINES
1106,LES MONTCHATONS
1107,LES MONTCHATONS ACACIAS
1108,LES MONTCHATONS MONTCHAT BADA
1109,LES MONTCHATONS MONTCHAT BOTTE
1110,LES MUTILES DE LA VOIX REGION RHONE ALPES
1111,LES NOUVEAUX CARACTERES
1112,LES NOUVELLES SUBSISTANCES
1113,LES P TITS GIONOS
1114,LES P TITS GONES DU 8EME
1115,LES P TITS MALINS
1116,LES P'TIS GONES DU 8EME EC - HALTE GARDERIE
1117,LES P'TITS GONES DU 8EME EF - CRECHE FAMILIALE
1118,LES PANTHERES DE LYON
1119,LES PASSEURS DE MEMOIRES
1120,LES PENICHES DU VAL DE RHONE
1121,LES PETITES CANTINES LYON CROIX ROUSSE
1122,LES PETITES CANTINES LYON VAISE
1123,LES PETITES CANTINES VIEUX LYON
1124,LES PETITS CHANTEURS DE LYON
1125,LES PETITS FRERES DES PAUVRES
1126,LES PETITS THOU
1127,LES REBELYONS
1128,LES RENCONTRES HETEROCLITES
1129,LES RESTAURANTS DU COEUR DU RHONE
1130,LES SCIENCES NATURELLES
1131,LES SEPTIMOUSSES CF
1132,LES SOLDANELLES
1133,LES TAMALOUS DU 5EME
1134,LES TRANSFORMATEURS
1135,LES TROIS HUIT CIE DE THEATRE
1136,LES TROUBADOURS DU 8EME
1137,LES VITRINES DE VAISE
1138,LES ZURBAMATEURS
1139,LESBIAN AND GAY PRIDE DE LYON
1140,LETHE MUSICALE
1141,LEZ'ARTS
1142,LEZARTGACO
1143,LICRA
1144,LICRA  LIGUE CONTRE LE RACISME ET L ANTISEMITISME
1145,LIE-E-S
1146,LIGUE AURA  SPORT UNIVERSITAIRE
1147,LIGUE AUVERGNE RHONE ALPES D ATHLETISME
1148,LIGUE AUVERGNE RHONE ALPES DE JUDO
1149,LIGUE DES DROITS DE L HOMME
1150,LIGUE IMPROVISATION LYONNAISE
1151,LIGUE RHONE ALPES AUVERGNE DE JOUTES ET DE SAUVETA
1152,LIRE ET FAIRE LIRE DANS LE RHONE
1153,LITTLE BEAUX ARTS
1154,LOPINS URBAINS
1155,LOU RUGBY
1156,LOU RUGBY SASP
1157,LPO AURA
1158,LPO AUVERGNE RHONE ALPES
1159,LUCI
1160,LUDIVERSITE
1161,LUGDUNUM TRIATHLON
1162,LYCEE PRIVE CHARLES DE FOUCAULD
1163,LYON 5 HANDBALL
1164,LYON 6 FUTSAL
1165,LYON ASVEL FEMININ
1166,LYON ATHLE LA DUCHERE
1167,LYON ATHLETISME
1168,LYON BANDE DESSINEE ORGANISATION
1169,LYON BASKET FAUTEUIL
1170,LYON BIKE POLO
1171,LYON BOXE
1172,LYON CENTRE AIKIDO
1173,LYON CROIX ROUSSE FOOTBALL
1174,LYON DANCE STUDIOS
1175,LYON ECHECS PASSION 64
1176,LYON EVASION ROLLER
1177,LYON FLOORBALL CLUB
1178,LYON FRENCH TECH
1179,LYON GLACE PATINAGE
1180,LYON GR
1181,LYON HAIDONG GUMDO
1182,LYON HANDBALL
1183,LYON HOCKEY CLUB
1184,LYON INTERNATIONAL
1185,LYON LA DUCHERE
1186,LYON METRO TRANSPORTS PUBLICS
1187,LYON METROPOLE ORCHESTRA
1188,LYON METROPOLE TAEKWONDO
1189,LYON MONTCHAT GR
1190,LYON MOULIN A VENT (EX LYON OLYMPIQUE FUTSAL)
1191,LYON NATATION
1192,LYON OLYMPIQUE ECHECS
1193,LYON OLYMPIQUE UNIVERSITAIRE LOU RUGBY
1194,LYON PESD
1195,LYON PLONGEON CLUB
1196,LYON RHONE WATERPOLO
1197,LYON ROLLER
1198,LYON SAINT PRIEST LUTTE
1199,LYON SAVATE
1200,LYON SPORT BOXE
1201,LYON SPORT METROPOLE
1202,LYON SPRINT EVOLUTION
1203,LYON TCHOUKBALL CLUB
1204,LYON TENNIS PARC
1205,LYON ULTRA RUN
1206,LYON URBAN DATA
1207,LYON VTT
1208,LYONNAISE INSERTION ECONOMIQUE ET SOCIAL
1209,MAC GUFFIN ASSOCIATION
1210,MAG JEUNES LGBT
1211,MAHAGONNY CIE
1212,MAISON AGRICULTURE URBAINE LYONNAISE
1213,MAISON DE L ARCHITECTURE RHONE ALPES
1214,MAISON DE L EDUCATION DU 1ER ARRDT
1215,MAISON DE L ENFANCE DE LA DUCHERE
1216,MAISON DE L ENFANCE DE MENIVAL
1217,MAISON DE L ENFANCE DE MONPLAISIR
1218,MAISON DE L ENFANCE DU 4EME MEJ
1219,MAISON DE L ENFANCE DU 6EME
1220,MAISON DE L ENFANCE DU 7EME
1221,MAISON DE L ENFANCE LYON 3EME EST
1222,MAISON DE L ENVIRONNEMENT
1223,MAISON DE L'ARCHITECTURE
1224,MAISON DE L'ENFANCE DE SAINT RAMBERT
1225,MAISON DE L'ENVIRONNEMENT
1226,MAISON DES EUROPEENS LYON
1227,MAISON DES FAMILLES DE VAULX EN VELIN
1228,MAISON DES JEUNES & CULTURE O TOTEM
1229,MAISON DES JEUNES ET DE LA CULTURE
1230,MAISON DES JEUNES ET DE LA CULTURE DE BRON
1231,MAISON DES SOLIDARITES LOCALES ET INTERNATIONALES
1232,MAISON DU COMBATTANT DE LYON
1233,MAISON JEUNES CULTURE MENIVAL
1234,MAISON METROPOLITAINE D INSERTION POUR L EMPLOI
1235,MAISON POUR TOUS
1236,MAISON SOCIALE CYPRIAN LES BROSSES
1237,MAMARAUDE
1238,MANDALA VILLAGE URBAIN ZERO DECHET
1239,MAPRA
1240,MAQAMAT
1241,MARCHE DE LA CROIX ROUSSE
1242,MARCHE GARE
1243,MARMITE COLBERT
1244,MASQUE DE FER
1245,MASSIS CLUB D'ECHECS
1246,MATIERE MOBILE
1247,MAXI AIDE GRAND LYON
1248,MDR THERESE COUDERC
1249,MEDECINE ET DROIT D ASILE
1250,MEDECINS DU MONDE AUVERGNE RHONE ALPES
1251,MEDIALYS
1252,MEDIATONE
1253,MEEERCREDI PRODUCTIONS
1254,MENIVAL FOOTBALL CLUB
1255,MERLIN PINPIN
1256,METROPOLE AIDANTE
1257,MIEUX VIVRE AU VERGOIN
1258,MILOS CLUB LYON 8
1259,MINEKA
1260,MISSION LOCALE BRON DECINES MEYZIEU
1261,MISSION LOCALE DE LYON
1262,MISSION LOCALE DES JEUNES
1263,MISSION LOCALE INSERTION ECO & SOC. JEUNES
1264,MISSION LOCALE RHONE SUD
1265,MISSION LOCALE RHONE SUD EST
1266,MJC ESPACE MONTCHAT
1267,MJC FONTAINES ST MARTIN
1268,MJC JEAN MACE
1269,MJC LA DUCHERE
1270,MJC LAENNEC MERMOZ
1271,MJC MENIVAL
1272,MJC MONPLAISIR
1273,MJC PRESQU ILE CONFLUENCE
1274,MJC SAINT JUST
1275,MJC SANS SOUCI
1276,MJC STE FOY LES LYON
1277,MJC VIEUX LYON
1278,MODE D EMPLOI RHONE
1279,MODERNISER SANS EXCLURE RH ALPE
1280,MODULE
1281,MON MARCHE MON PLAISIR
1282,MOTOCYCLE CLUB DE LYON
1283,MOUVEMENT DE PALIER
1284,MOUVEMENT DU NID
1285,MOUVEMENT FRANCAIS PLANNING FAMILIAL
1286,MOUVEMENT UNION ACTION DEPORTES INTERNES RESISTANC
1287,MOZAIK RH
1288,MSD ATELIERS ET CHANTIERS D INSERTION
1289,MUSEE URBAIN TONY GARNIER
1290,MUSIC 85 ECOLE DE MUSIQUE
1291,MUSIC A DOM
1292,MUSICALIA
1293,MUSIGONES
1294,MUSIQUE ET PARTAGE
1295,MUSIQUE O PARC
1296,MUTUALITE FRANCAISE DU RHONE  MIRABILIS VILLETTE
1297,MUTUALITE FRANCAISE DU RHONE ANDREE ROUX
1298,MUTUALITE FRANCAISE DU RHONE GRAIN D ORGE
1299,MUTUALITE FRANCAISE DU RHONE L EPINETTE
1300,MUTUALITE FRANCAISE DU RHONE LES DALHIAS MC
1301,MUTUALITE FRANCAISE DU RHONE LES ROSEAUX
1302,MUTUALITE FRANCAISE DU RHONE MICROCRECHE CARILLONS
1303,MUTUALITE FRANCAISE DU RHONE MYRTILLE
1304,MUTUALITE FRANCAISE DU RHONE RAM CITROUILLE
1305,MUTUALITE FRANCAISE DU RHONE RAM L ENVOLEE
1306,MUTUALITE FRANCAISE DU RHONE RAM LES ALOUETTES
1307,MUTUALITE FRANCAISE DU RHONE RAM LES NYMPHEAS
1308,MUTUALITE FRANCAISE DU RHONE RAM POTIRON
1309,MUTUELLE PETITE ENFANCE CHAZIERE JARDIN DES GONES
1310,MUTUELLE PETITE ENFANCE LA COURTE ECHELLE RAM
1311,MUTUELLE PETITE ENFANCE LAFAYETTE CANNE A SUCRE
1312,MUTUELLE PETITE ENFANCE LES P TITS SOYEUX
1313,MUTUELLE PETITE ENFANCE LES PITCHOUNES DU 6EME
1314,MUTUELLE PETITE ENFANCE LOUP 9 RAM BABY 9
1315,MUTUELLE PETITE ENFANCE LOUP 9 RAM BABY LOUP
1316,MUTUELLE PETITE ENFANCE LYON 7 RAM POUSS 7
1317,MUTUELLE PETITE ENFANCE RAM BABY DUCH
1318,MY PRESQU ILE
1319,MYTHE AU LOGIS
1320,NATIONALE ANCIENS COMBATTANT
1321,NATURE ET SENS
1322,NETBALL LYON
1323,NICOLAS ET PIMPRENELLE
1324,NIGHTLINE FRANCE
1325,NO KACHI LYON
1326,NOUVEAUX ESPACES LATINOS
1327,NOUVEL INSTITUT FRANCO CHINOIS
1328,NOUVELLE RENAISSANCE LYONNAISE
1329,NOVA
1330,NUEES D IMAGES
1331,OBJECTIF POUR L EMPLOI DES CADRES EN RHONE ALPES
1332,OCCE  PRIMAIRE JEAN PIERRE VEYET
1333,OCCE ECOLE ALPHONSE DAUDET
1334,OCCE ECOLE ANDRE PHILIP
1335,OCCE ECOLE ANTOINE CHARIAL
1336,OCCE ECOLE BERTHELIER
1337,OCCE ECOLE CAMUS ALBERT
1338,OCCE ECOLE CLAUDIUS BERTHELIER
1339,OCCE ECOLE COMMANDANT ARNAUD
1340,OCCE ECOLE DES TABLES CLAUDIENNES
1341,OCCE ECOLE DU CHAPEAU ROUGE
1342,OCCE ECOLE ELEM  MARCEL PAGNOL
1343,OCCE ECOLE ELEMENTAIRE A. REMOND
1344,OCCE ECOLE ELEMENTAIRE AVEYRO-BLQ
1345,OCCE ECOLE ELEMENTAIRE AVEYRON
1346,OCCE ECOLE ELEMENTAIRE GARE D EAU
1347,OCCE ECOLE ELEMENTAIRE GERMAINE TILLION
1348,OCCE ECOLE ELEMENTAIRE JEAN MACE 8EME
1349,OCCE ECOLE ELEMENTAIRE JEAN ROSTAND
1350,OCCE ECOLE ELEMENTAIRE LES DAHLIAS
1351,OCCE ECOLE ELEMENTAIRE LOUISE
1352,OCCE ECOLE ELEMENTAIRE MARC BLOCH
1353,OCCE ECOLE ELEMENTAIRE MEYNIS
1354,OCCE ECOLE ELEMENTAIRE REBATEL
1355,OCCE ECOLE JEAN DE LA
1356,OCCE ECOLE JEAN GERSON
1357,OCCE ECOLE JEAN GIONO
1358,OCCE ECOLE JEAN JAURES
1359,OCCE ECOLE JEAN RACINE
1360,OCCE ECOLE JOANNES MASSET
1361,OCCE ECOLE JOHN KENNEDY
1362,OCCE ECOLE JOLIOT CURIE
1363,OCCE ECOLE LA SAUVAGERE
1364,OCCE ECOLE LEON JOUHAUX
1365,OCCE ECOLE LES ANEMONES
1366,OCCE ECOLE LES ENTREPOTS
1367,OCCE ECOLE LES GRILLONS
1368,OCCE ECOLE LUCIE AUBRAC
1369,OCCE ECOLE MAT JEAN JAURES
1370,OCCE ECOLE MATERNELL
1371,OCCE ECOLE MATERNELLE BERLIOZ
1372,OCCE ECOLE MATERNELLE BERTHELOT
1373,OCCE ECOLE MATERNELLE CONDE
1374,OCCE ECOLE MATERNELLE DIDEROT
1375,OCCE ECOLE MATERNELLE DOLET
1376,OCCE ECOLE MATERNELLE DU RHONE
1377,OCCE ECOLE MATERNELLE FOUGERES
1378,OCCE ECOLE MATERNELLE HARMONIE-REBATEL
1379,OCCE ECOLE MATERNELLE JEAN DE LA FONTAINE
1380,OCCE ECOLE MATERNELLE JEAN ZAY
1381,OCCE ECOLE MATERNELLE JOLIOT CURIE
1382,OCCE ECOLE MATERNELLE LA GARE D EAU
1383,OCCE ECOLE MATERNELLE LAURENT MOURGUET
1384,OCCE ECOLE MATERNELLE LES BATTIERES
1385,OCCE ECOLE MATERNELLE LES DAHLIAS
1386,OCCE ECOLE MATERNELLE LES GERANIUMS
1387,OCCE ECOLE MATERNELLE MAURICE CAREME
1388,OCCE ECOLE MATHILDE SIRAUD
1389,OCCE ECOLE MICHEL SERVET
1390,OCCE ECOLE PARC MONTEL
1391,OCCE ECOLE PAUL EMILE VICTOR
1392,OCCE ECOLE PERGAUD
1393,OCCE ECOLE PHILIBERT DELORME
1394,OCCE ECOLE PRIM BERLIOZ
1395,OCCE ECOLE PRIMAIRE A CESAIRE
1396,OCCE ECOLE PRIMAIRE ANTONIN LABORDE
1397,OCCE ECOLE PRIMAIRE CONDORCET
1398,OCCE ECOLE PRIMAIRE CREQUI
1399,OCCE ECOLE PRIMAIRE E HERRIOT
1400,OCCE ECOLE PRIMAIRE FERDINAND BUISSON
1401,OCCE ECOLE PRIMAIRE FULCHIRON
1402,OCCE ECOLE PRIMAIRE GEORGES LAPIERRE
1403,OCCE ECOLE PRIMAIRE GILBERT DRU
1404,OCCE ECOLE PRIMAIRE INTERNATIONALE
1405,OCCE ECOLE PRIMAIRE LES BLEUETS
1406,OCCE ECOLE PRIMAIRE LOUIS PRADEL
1407,OCCE ECOLE PRIMAIRE MEYNIS
1408,OCCE ECOLE RAOUL DUFY
1409,OCCE ECOLE RAVI
1410,OCCE ECOLE SERGENT BLANDAN
1411,OCCE ECOLE SIMONE SIGNORET
1412,OCCE ECOLE VICTOR HUGO
1413,OCCE ELEMENTAIRE CHAMPVERT OUEST
1414,OCCE ELEMENTAIRE COMMANDANT ARNAUD
1415,OCCE ELEMENTAIRE CONDE
1416,OCCE ELEMENTAIRE JEAN GERSON
1417,OCCE ELEMENTAIRE NOVE JOSSERAND
1418,OCCE ELEMENTAIRE PAUL BERT
1419,OCCE ELEMENTAIRE POMPIDOU
1420,OCCE FERDINAND BUISSON
1421,OCCE GS GINKGO
1422,OCCE LAMARTINE
1423,OCCE MATER PAUL EMILE VICTOR
1424,OCCE MATERNELLE ALAIN FOURNIER
1425,OCCE MATERNELLE ALIX
1426,OCCE MATERNELLE ANDRE PHILIP
1427,OCCE MATERNELLE ANTOINE REMOND
1428,OCCE MATERNELLE BRIAND
1429,OCCE MATERNELLE CHARLES PEGUY
1430,OCCE MATERNELLE CONDORCET
1431,OCCE MATERNELLE CRESTIN
1432,OCCE MATERNELLE CROIX ROUSSE
1433,OCCE MATERNELLE EDOUARD HERRIOT
1434,OCCE MATERNELLE FRANCOIS TRUFFAUT
1435,OCCE MATERNELLE FULCHIRON
1436,OCCE MATERNELLE GEORGES LAPIERRE
1437,OCCE MATERNELLE GILBERT DRU
1438,OCCE MATERNELLE GILIBERT
1439,OCCE MATERNELLE JEAN  ROSTAND
1440,OCCE MATERNELLE JEAN COUTY
1441,OCCE MATERNELLE JEAN MACE
1442,OCCE MATERNELLE JEAN MERMO
1443,OCCE MATERNELLE JEAN MERMOZ
1444,OCCE MATERNELLE JEAN RACINE
1445,OCCE MATERNELLE JOSEPH CORNIER
1446,OCCE MATERNELLE JULES VERNE
1447,OCCE MATERNELLE LA SARRA
1448,OCCE MATERNELLE LAVIROTTE
1449,OCCE MATERNELLE LES EGLANTINES
1450,OCCE MATERNELLE LES GEMEAUX
1451,OCCE MATERNELLE LES P TITS CANUTS
1452,OCCE MATERNELLE MARCEL PAGNOL
1453,OCCE MATERNELLE MARIE BORDAS
1454,OCCE MATERNELLE NOVE JOSSERAND
1455,OCCE MATERNELLE OLYMPE DE GOUGE
1456,OCCE MATERNELLE PASTEUR
1457,OCCE MATERNELLE ROBERT DOISNEAU
1458,OCCE MATERNELLE SAINT EXUPERY
1459,OCCE MATERNELLE SAINT PIERRE
1460,OCCE MATERNELLE VICTOR HUGO
1461,OCCE PRIMAIRE CHEVALIER BAYARD
1462,OCCE PRIMAIRE COMBE BLANCHE
1463,OCCE PRIMAIRE FREDERIC MISTRAL
1464,OCCE PRIMAIRE JEAN ZAY
1465,OCCE PRIMAIRE JOSEPH CORNIER
1466,OCCE PRIMAIRE LES GEMEAUX
1467,OCCE PRIMAIRE LOUIS PASTEUR
1468,OCCE PRIMAIRE LUMIERE
1469,OCCE PRIMAIRE MICHEL SERVET
1470,OCCE PRIMAIRE MICHELET
1471,OCCE PRIMAIRE MONTAIGNE
1472,OCCE PRIMAIRE MONTBRILLANT
1473,OCCE PRIMAIRE PAIN LEVE
1474,OCCE PRIMAIRE PIERRE CORNEILLE
1475,OCCE RHONE COOP SCOL 1   ECOLE PE VICTOR
1476,ODYNEO
1477,ODYSSEE GREEN
1478,ODYSSEUS 3.1
1479,OEUVRE DU BON PASTEUR
1480,OFELIA
1481,OFF TOURISME BUREAU CONGRES GRAND LYON
1482,OFFICE DES SPORTS DE LYON
1483,OFFICE MUNICIPAL DES SPORTS DE VAULX EN VELIN
1484,OFFICE RHODANIEN LOGEMENTS SOCIAUX
1485,OFFICE VILLEURBANNAIS PERSONNES AGEES
1486,OFFISA 1ER ARRDT
1487,OFFISA 5EME ARRDT
1488,OFTA SERVICE AIDE A DOMICILE
1489,OGEC AUX LAZARISTES - LA SALLE LYON
1490,OGEC DE JEANNE DE LESTONNAC
1491,OGEC DES CHARTREUX
1492,OGEC LA XAVIERE
1493,OGEC NOTRE DAME DE BELLECOMBE
1494,OGEC NOTRE DAME DE BELLEGARDE
1495,OGEC SACRE COEUR
1496,OGEC SAINT LOUIS SAINT BRUNO
1497,OGEC ST CHARLES DE RILLIEUX
1498,OHM ART
1499,OIKOS
1500,OIP SECTION FRANCAISE
1501,OLYMPIQUE LYONNAIS ASSOCIATION
1502,OLYMPIQUE LYONNAIS SECTION FOOT BALL
1503,OMS  ORGANISATION MONDIALE DE LA SANTE
1504,ON THE GREEN ROAD
1505,ONE SHOT
1506,OPERA DE LYON
1507,OPERA NATIONAL DE LYON
1508,OPPELIA
1509,ORAGE PRODUCTION
1510,ORDRE DES AVOCATS AU BARREAU DE LYON
1511,ORGANISME DE FONCIER SOLIDAIRE DE LA METROPOLE DE LYON
1512,ORSAC
1513,OSONS ICI ET MAINTENANT
1514,OSTINATO
1515,OULLINS ENTR AIDE SERVICE A DOMICILE
1516,OXALIS
1517,OXALIS SCOP
1518,OXFAM FRANCE AGIR ICI
1519,OZIO ASC ANSM
1520,PARENTS AMIS ENFANTS CHAMPVERT
1521,PAROLES ET MUSIQUE
1522,PASSERELLE
1523,PASSERELLES BUISSONNIERES
1524,PATRONAGE SCOLAIRE LAIQUE MONTCHAT
1525,PAX AUGUSTA GROUPE GALLO ROMAIN DE LUGDUNUM
1526,PENTES VERTES
1527,PIANO A LYON
1528,PIERRE ET LE LOUP
1529,PIGNON SUR RUE
1530,PIMMS LYON METROPOLE
1531,PL BORDEAUX
1532,PLATEFORME DE LA JEUNE CREATION FRANCO ALLEMANDE
1533,PLEIN CHAMP
1534,PLUG N PLAY MUSIC SCHOOL
1535,POINT DE VUE SUR LA VILLE
1536,POLE AVENIR EMPLOI
1537,POLE NEUF MJC - CENTRE SOCIAL
1538,POLE TECHNIQUE
1539,PONTEM ASSOCIATION
1540,POSTE HABITAT RHONE-ALPES
1541,POUR LA GESTION DU CENTRE SOCIAL BONNEFOI
1542,POURSUIVRE
1543,PRADO ITINERAIRES
1544,PRESENCE ACTION PERSONNES AGEES VIL LYON
1545,PRESENCE DU 8EME RHONE
1546,PREVENTION ROUTIERE COMITE RHONE
1547,PRISON INSIDER
1548,PROCESSIEP
1549,PRODUCTEUR INDEPENDANT DE MUSIQUE
1550,PROGRAMME SOLIDARITE EAU
1551,PROPOS
1552,PYGMOPHONE
1553,Personne physique (anonymisée)
1554,QUAIS DU POLAR
1555,QUARTIER CHEVREUL
1556,QUARTIER LIBRE
1557,QUARTIER VITALITE CENTRE SOCIAL
1558,QUI FAIT CA KIFFER CA
1559,RACING CLUB DE LYON
1560,RACING CLUB MERMOZ
1561,RAMDAM UN CENTRE D ART
1562,RASKINE ET COMPAGNIE
1563,RASSEMBLEMENT D ENERGIES ESPACE ARTISTIQUE
1564,RASSEMBLEMENT ENERGIES POUR SAUVEGARDE D'UN ESPACE ARTISTIQUE UTOPIQUE
1565,REAGIR L ENFANT ET LA RUE
1566,RECUP ET GAMELLES
1567,REED
1568,REGARD SUD
1569,REGIE GAMBETTA CHAMARIER COMPAGNIE
1570,REGIE NOUVELLE HABITAT ET HUMANISME
1571,REGIONAL E-SPORT CLUB REC
1572,RELAIS ENFANTS PARENTS RHONE
1573,RENOUVEAU BOXE CROIX ROUSSE
1574,REPORTERS SOLIDAIRES
1575,REPUBLIK HOTEL
1576,RESAMUT MHM
1577,RESEAU AMAP AUVERGNE RHONE ALPES
1578,RESEAU DE SANTE MUTUALISTE
1579,RESEAU ENTREPRENDRE RHONE
1580,RESEAU INTERMED
1581,RESEAU MARGUERITE CULTIVONS ENSEMBLE UN MONDE PLUS JUSTE
1582,RESEAU PERINATAL AURORE
1583,RESEAU SANTE
1584,RESSORT
1585,RESTAURANT CLUB CONDE ENTRE RHONE ET SAONE
1586,RESTAURANTS DU COEUR RHONE
1587,RHCL RINK HOCKEY CLUB DE LYON
1588,RHONE DEVELOPPEMENT INITIATIVE
1589,RHONE EMPLOIS EXPLORATIONS DEVELOPPEMENT
1590,RHONE EMPLOIS NOUVEAUX
1591,RHONE SAONE HABITAT
1592,RNSA
1593,ROBINS DES VILLES
1594,RONALPIA
1595,RONALPIA INCUBATEUR DE L'ECOLE 3A
1596,RTT COMME RETRAITE
1597,SA HLM LOGEMENT ALPES RHONE
1598,SAFORE
1599,SAINT FONS GERLAND SAVATE
1600,SAINTE FOY RUGBY LEAGUE
1601,SAMAKE KUNDA
1602,SANTY PLAINE ACTIONS
1603,SAUVEGARDE 69
1604,SAUVEGARDE EMBELLISSEMENT LYON
1605,SCE MAINTIEN DOMICILE LYON PENTES PRESQU
1606,SCENES
1607,SCI CINESAUVAGE
1608,SCI LES PETITES BOTTES
1609,SCI VAULX EN VELIN - RUE ERNEST RENAN
1610,SCIC HABITAT RHONE ALPES SA DE HLM
1611,SCOUTS ET GUIDES DE FRANCE 28E LYON ASSO
1612,SDC  HAUTS DU GOLF
1613,SDC 6001 LES DAMES
1614,SDC ALBERT THOMAS
1615,SDC LE CHARTOUX
1616,SDC LE SAINT ANDRE
1617,SDC LES TROIS MATS
1618,SDC NOISERAIE
1619,SDC RESIDENCE BEGUDE
1620,SDC SOLEIL LEVANT
1621,SECONDE NATURE
1622,SECOURS CATHOLIQUE
1623,SECOURS POPULAIRE FRANCAIS
1624,SECTOR SOCIETE D ETUDES ET DE CONSEILS EN TECHNOLOGIE ET ORGANISATION
1625,SEL GRAND TROU BASKET BALL
1626,SEMCODA
1627,SENS & SAVOIRS
1628,SENS INTERDITS
1629,SERVICE DE COOPERATION AU DEVELOPPEMENT - SCD
1630,SERVICE DE MAINTIEN A DOMICILE LYON PENTES PRESQU ILES
1631,SGC LYON VILLE ET METROPOLE
1632,SI SI LES FEMMES EXISTENT
1633,SI TU
1634,SIGNES DE SENS
1635,SILK IN LYON
1636,SILK ME BACK
1637,SIMON DE CYRENE LYON METROPOLE
1638,SINGA LYON
1639,SKARAPHONE
1640,SMOOTHSEVENTIES
1641,SNCF GARES ET CONNEXIONS
1642,SO VIEUX LYON - COLLECTIF DES ACTEURS ECONOMIQUES
1643,SOC ENSEIGNEMENT PROFESS RHONE
1644,SOCIAL PALACE
1645,SOCIETE ANONYME DE CONSTRUCTION DE LA VILLE DE LYON S A C V L
1646,SOCIETE BOULISTE DU CHATEAU
1647,SOCIETE D ENCOURAGEMENT ECOLES LAIQUES
1648,SOCIETE D H L M CITE NOUVELLE
1649,SOCIETE D HISTOIRE  DE LYON
1650,SOCIETE EDITRICE LE MONDE
1651,SOCIETE ESCRIME DE LYON
1652,SOCIETE LYONNAISE D HORTICULTURE
1653,SOCIETE PUBLIQUE LOCALE GESTION DES ESPACES PUBLICS DU RHONE AMONT
1654,SOCIETE ST VINCENT DE PAUL
1655,SOFUB
1656,SOIERIE VIVANTE
1657,SOINS ET SANTE
1658,SOLID ARTE DE LAHSO
1659,SOLIDARITE MARATHON DES SABLES
1660,SOLIDARITE REUSSITE SCOLAIRE
1661,SOLIHA
1662,SOLIHA RHONE ET GRAND LYON
1663,SOS AMITIE LYON
1664,SOS MEDITERRANEE FRANCE
1665,SOS SUICIDE PHENIX LYON
1666,SOS URGENCES GARDE D&#8217;ENFANTS
1667,SPA DISPENSAIRE DE LYON
1668,SPACEJUNK LYON
1669,SPIRIT ACADEMY CHEER ET DANCE
1670,SPIRITO
1671,SPL LYON CONFLUENCE
1672,SPL LYON PART-DIEU
1673,SPORT FITNESS
1674,SPORT PASSION DEVELOPPEMENT
1675,SPUTNIK
1676,SR 9
1677,ST GENIS EMPLOI
1678,STAND
1679,STARDUST ACP
1680,STE FRANCAISE DES ROSES
1681,STUDIO GANEK
1682,SUPERPOSITION
1683,SYNAPSE
1684,SYNAPSES
1685,SYNDIC DE COPROPRIETE LE GAI VALLON
1686,SYNDICAT COPROPRIETE  LE GAI VALLON
1687,SYNDICAT DES COPROPRIETE RESIDENCE BELLEMAIN
1688,SYNERG IAE 69
1689,SYSTEMA LYON
1690,TA NO PE- BRASIL
1691,TAKWONDO CLUB DU PARC
1692,TANGO DE SOIE
1693,TEAM - H.A SPORT COMBAT 69
1694,TECH ENERG NOUV ENERG REN RHONE ALPES DROME ISERE SAVOIE
1695,TENNIS CLUB DE LA CROIX ROUSSE
1696,TENNIS CLUB DE LYON
1697,TENNIS CLUB DE LYON 1ER
1698,TENNIS CLUB DU FORT
1699,TENNIS CLUB MUNICIPAL DU 5EME
1700,TENNIS CLUB ST RAMBERT
1701,TENNIS DE TABLE GERLAND LYON 7
1702,TENNIS LYON 8EME
1703,TERRE D'ANCRAGES
1704,TERRE DE MILPA
1705,TERRE SISLEY
1706,THALASSA CLUB DE PLONGEE
1707,THE GREENER GOOD
1708,THEATRE DE GERLAND
1709,THEATRE DE LA CHRYSALIDE
1710,THEATRE DE LA CITE VILLEURBANNE
1711,THEATRE DE LA CROIX ROUSSE
1712,THEATRE DES MARRONNIERS
1713,THEATRE DU GRABUGE
1714,THEATRE DU POINT DU JOUR
1715,THEATRE LES CLOCHARDS CELESTES
1716,THEATRE NOUVELLE GENERATION CENTRE
1717,THEATRE NOUVELLE GENERATION TNG
1718,THEATRE OBLIQUE
1719,THEATRES DE L ENTRE DEUX
1720,THÉÂTRE DU BRUIT
1721,TIGRE
1722,TILLANDSIA
1723,TIM&COLETTE COHABITATION
1724,TISSAGE
1725,TOP GONES LYON
1726,TOP MUSIC
1727,TOTAAL REZ
1728,TOUS A LA MUSIQUE VERRAMUSE
1729,TOUT VA BIEN
1730,TRACES HISTOIRE MEMOIRES ACTUALITE MIGRATIONS RA A
1731,TRAIT D UNION DUCHERE
1732,TRANSMISSION
1733,TRANSPARENTS
1734,TRAVERSANT 3 EQUIPE DE CREATION ARTISTIQUE
1735,TREMPLIN ANEPA
1736,TRIANGLE LYON 6
1737,TRISOMIE 21 RHONE ET METROPOLE DE LYON
1738,TROI3
1739,TURAK THEATRE
1740,U GOMINA
1741,UCIL UNION COMITES INTERETS LOCAUX
1742,UFCS FR FORMATION INSERTION
1743,UGAB LYON
1744,UGFRL
1745,UN MOMENT DE DETENTE
1746,UNACITA
1747,UNAFAM 69 METROPOLE DE LYON ET RHONE
1748,UNDOKAÏ
1749,UNE SOURIS VERTE
1750,UNE SOURIS VERTE HALTE GARDERIE
1751,UNE SOURIS VERTE MICRO CRECHE SOURIS7
1752,UNION COMMERCANTS ARTISANS CROIX ROUSSE
1753,UNION COMMERCANTS ARTISANS MONPLAISIR
1754,UNION D ECONOMIE SOCIALE NEMA LOVE
1755,UNION DEPART  CFTC DU RHONE
1756,UNION DEPART SYND CONFED RHONE CGT
1757,UNION DEPART SYND FO RHONE
1758,UNION DEPARTEMENTAL CFE CGC RHONE
1759,UNION DEPARTEMENTALE CFDT DU RHONE
1760,UNION DEPARTEMENTALE UNSA DU RHONE
1761,UNION DES COMMERCANTS TETE D OR
1762,UNION DES SOCIETES DE TIR SPORTIF
1763,UNION FAMILIALE DE PERRACHE COCON DE BLANDINE
1764,UNION GESTION ETS CAISSES ASSUR MALADIE
1765,UNION MUSICALE LYON GUILLOTIERE ETATS UNIS
1766,UNION NAT ANCIENS COMB FRANC MUSULM
1767,UNION NATIONALE DES COMBATTANTS LYON OUEST
1768,UNION NATIONALE DES FEDERATIONS D ORGANISMES D HLM
1769,UNION NATIONALE DU SPORT SCOLAIRE
1770,UNION NATIONALE FEDERATION HLM
1771,UNION REGIONALE POUR L HABITAT DES JEUNES AUVERGNE RHONE ALPES
1772,UNION SPORTIVE CHEMINOTS LYON VAISE
1773,UNION SPORTIVE CULTURELLE ARISTIDE BRIAND
1774,UNIS CITE AUVERGNE RHONE ALPES
1775,UNIS VERS L EMPLOI
1776,UNISOAP
1777,UNSUI DOJO
1778,URGENCE SOCIALE RUE
1779,USEP ANNE SYLVESTRE
1780,USEP ECOLE MARYSE BASTIE
1781,USEP LYON
1782,UZINASON
1783,VALENTIN HAUY SCE AVEUGLES MALVOYANTS
1784,VBLM5
1785,VERBECELTE ET COMPAGNIE
1786,VERS UN RESEAU D ACHAT
1787,VERS UN RESEAU D ACHAT EN COMMUN
1788,VESTIBUS
1789,VIFFIL SOS FEMMES
1790,VILL AGES
1791,VILLAGE CREATEURS DU PASSAGE THIAFFAIT
1792,VILOGIA SOCIETE ANONYME D HLM
1793,VIRAGES SANTE
1794,VITTON ACTIONS
1795,VIVA LA VIDA
1796,VIVRE AUX ECLATS
1797,VIVRE ENSEMBLE
1798,VLM VILLEURBANNE LYON METROPOLE
1799,VOISINMALIN
1800,VOLCA
1801,VOLLEY BRON LYON LUMIERE
1802,VOLLEY CLUB GAY DE LYON
1803,VOLTAIRE LYON BASKET
1804,VOVINAM VIET VO DAO LYON
1805,WADO CLUB DE LYON
1806,WATIZAT
1807,WEAVERS
1808,WHY MCA
1809,WHY WE BALL
1810,WOODSTOWER
1811,XLR PROJECT
1812,YACHT CLUB DU RHONE
1813,YERKIR EUROPE
1814,YOON FRANCE
1815,ZERO DECHET LYON
1816,ZONE ONZE
